category,grade,subject,subjectId,topic,reason,candidateBooks
"Α. Χωρίς επίσημη ψηφιακή πηγή","a","Αρχές Ηλεκτρολογίας και Ηλεκτρονικής","epal-a-electrical-electronics","ΔΙΔΑΚΤΙΚΗ ΕΝΟΤΗΤΑ 1","guidance-cites-no-book-section",""
"Α. Χωρίς επίσημη ψηφιακή πηγή","b","Ηλεκτρολογίας, Ηλεκτρονικής και Αυτοματισμού · Αναλογικά και Ψηφιακά Ηλεκτρονικά","epal-b-ηλεκτρολογιας-ηλεκτρονικης-και-αυτοματισμου-b-ηλεκτρολογιας-ηλεκτρονικης-και-αυτοματισμου-analog-digital-electronics","Αναλογικά Ηλεκτρονικά — Κεφάλαιο 1: Εισαγωγή στην Ηλεκτρονική","named-book-not-in-official-epal-inventory",""
"Α. Χωρίς επίσημη ψηφιακή πηγή","b","Ηλεκτρολογίας, Ηλεκτρονικής και Αυτοματισμού · Αναλογικά και Ψηφιακά Ηλεκτρονικά","epal-b-ηλεκτρολογιας-ηλεκτρονικης-και-αυτοματισμου-b-ηλεκτρολογιας-ηλεκτρονικης-και-αυτοματισμου-analog-digital-electronics","Αναλογικά Ηλεκτρονικά — Κεφάλαιο 2: Ημιαγωγοί","named-book-not-in-official-epal-inventory",""
"Α. Χωρίς επίσημη ψηφιακή πηγή","b","Ηλεκτρολογίας, Ηλεκτρονικής και Αυτοματισμού · Αναλογικά και Ψηφιακά Ηλεκτρονικά","epal-b-ηλεκτρολογιας-ηλεκτρονικης-και-αυτοματισμου-b-ηλεκτρολογιας-ηλεκτρονικης-και-αυτοματισμου-analog-digital-electronics","Αναλογικά Ηλεκτρονικά — Κεφάλαιο 3: Κρυσταλλοδίοδοι","named-book-not-in-official-epal-inventory",""
"Α. Χωρίς επίσημη ψηφιακή πηγή","b","Ηλεκτρολογίας, Ηλεκτρονικής και Αυτοματισμού · Αναλογικά και Ψηφιακά Ηλεκτρονικά","epal-b-ηλεκτρολογιας-ηλεκτρονικης-και-αυτοματισμου-b-ηλεκτρολογιας-ηλεκτρονικης-και-αυτοματισμου-analog-digital-electronics","Αναλογικά Ηλεκτρονικά — Κεφάλαιο 4: Τρανζίστορ","named-book-not-in-official-epal-inventory",""
"Α. Χωρίς επίσημη ψηφιακή πηγή","b","Ηλεκτρολογίας, Ηλεκτρονικής και Αυτοματισμού · Αναλογικά και Ψηφιακά Ηλεκτρονικά","epal-b-ηλεκτρολογιας-ηλεκτρονικης-και-αυτοματισμου-b-ηλεκτρολογιας-ηλεκτρονικης-και-αυτοματισμου-analog-digital-electronics","Αναλογικά Ηλεκτρονικά — Κεφάλαιο 5: Στοιχεία ημιαγωγών τεσσάρων στρώσεων","named-book-not-in-official-epal-inventory",""
"Α. Χωρίς επίσημη ψηφιακή πηγή","b","Ηλεκτρολογίας, Ηλεκτρονικής και Αυτοματισμού · Αναλογικά και Ψηφιακά Ηλεκτρονικά","epal-b-ηλεκτρολογιας-ηλεκτρονικης-και-αυτοματισμου-b-ηλεκτρολογιας-ηλεκτρονικης-και-αυτοματισμου-analog-digital-electronics","Αναλογικά Ηλεκτρονικά — Κεφάλαιο 6: Στοιχεία οπτοηλεκτρονικής","named-book-not-in-official-epal-inventory",""
"Α. Χωρίς επίσημη ψηφιακή πηγή","b","Ηλεκτρολογίας, Ηλεκτρονικής και Αυτοματισμού · Αναλογικά και Ψηφιακά Ηλεκτρονικά","epal-b-ηλεκτρολογιας-ηλεκτρονικης-και-αυτοματισμου-b-ηλεκτρολογιας-ηλεκτρονικης-και-αυτοματισμου-analog-digital-electronics","Αναλογικά Ηλεκτρονικά — Κεφάλαιο 8: Τελεστικοί ενισχυτές Ι","named-book-not-in-official-epal-inventory",""
"Α. Χωρίς επίσημη ψηφιακή πηγή","b","Ηλεκτρολογίας, Ηλεκτρονικής και Αυτοματισμού · Αναλογικά και Ψηφιακά Ηλεκτρονικά","epal-b-ηλεκτρολογιας-ηλεκτρονικης-και-αυτοματισμου-b-ηλεκτρολογιας-ηλεκτρονικης-και-αυτοματισμου-analog-digital-electronics","Συλλογή, Μεταφορά και Έλεγχος Δεδομένων — Κεφάλαιο 2: Αισθητήρια","named-book-not-in-official-epal-inventory",""
"Α. Χωρίς επίσημη ψηφιακή πηγή","b","Ναυτιλιακών Επαγγελμάτων · Ναυτική Μηχανολογία – Εφαρμογές","epal-b-ναυτιλιακων-επαγγελματων-b-ναυτιλιακων-επαγγελματων-marine-engineering","Ναυτικοί Ατμολέβητες — Κεφάλαιο 1: Εισαγωγικές γνώσεις","named-book-not-in-official-epal-inventory",""
"Α. Χωρίς επίσημη ψηφιακή πηγή","b","Ναυτιλιακών Επαγγελμάτων · Ναυτική Μηχανολογία – Εφαρμογές","epal-b-ναυτιλιακων-επαγγελματων-b-ναυτιλιακων-επαγγελματων-marine-engineering","Ναυτικοί Ατμολέβητες — Κεφάλαιο 2: Κατάταξη ναυτικών ατμολεβήτων","named-book-not-in-official-epal-inventory",""
"Α. Χωρίς επίσημη ψηφιακή πηγή","b","Ναυτιλιακών Επαγγελμάτων · Ναυτική Μηχανολογία – Εφαρμογές","epal-b-ναυτιλιακων-επαγγελματων-b-ναυτιλιακων-επαγγελματων-marine-engineering","Ναυτικοί Ατμολέβητες — Κεφάλαιο 5: Σύγκριση φλογαυλωτών και υδραυλωτών λεβήτων","named-book-not-in-official-epal-inventory",""
"Α. Χωρίς επίσημη ψηφιακή πηγή","b","Ναυτιλιακών Επαγγελμάτων · Ναυτική Μηχανολογία – Εφαρμογές","epal-b-ναυτιλιακων-επαγγελματων-b-ναυτιλιακων-επαγγελματων-marine-engineering","Ατμομηχανές — Κεφάλαιο 10: Εισαγωγικές γνώσεις ατμοστροβίλων","named-book-not-in-official-epal-inventory",""
"Α. Χωρίς επίσημη ψηφιακή πηγή","b","Ναυτιλιακών Επαγγελμάτων · Ναυτική Μηχανολογία – Εφαρμογές","epal-b-ναυτιλιακων-επαγγελματων-b-ναυτιλιακων-επαγγελματων-marine-engineering","Ατμομηχανές — Κεφάλαιο 20: Περιγραφή των μερών των ατμοστροβίλων","named-book-not-in-official-epal-inventory",""
"Α. Χωρίς επίσημη ψηφιακή πηγή","b","Ναυτιλιακών Επαγγελμάτων · Ναυτική Μηχανολογία – Εφαρμογές","epal-b-ναυτιλιακων-επαγγελματων-b-ναυτιλιακων-επαγγελματων-marine-engineering","Ατμομηχανές — Κεφάλαιο 30: Διάταξη εγκατάστασης ατμοστροβίλων στα εμπορικά πλοία","named-book-not-in-official-epal-inventory",""
"Α. Χωρίς επίσημη ψηφιακή πηγή","b","Ναυτιλιακών Επαγγελμάτων · Ναυτική Μηχανολογία – Εφαρμογές","epal-b-ναυτιλιακων-επαγγελματων-b-ναυτιλιακων-επαγγελματων-marine-engineering","Μηχανές Εσωτερικής Καύσεως — Κεφάλαιο 1: Εισαγωγή - Βασικές Έννοιες","named-book-not-in-official-epal-inventory",""
"Α. Χωρίς επίσημη ψηφιακή πηγή","c","Διαδικασίες Συντήρησης Αεροσκαφών","epal-c-mech-aircraft-mech-aircraft-5","Κεφάλαιο 1 — ΟΡΓΑΝΩΣΗ ΣΥΝΤΗΡΗΣΕΩΣ","no-ebooks-source",""
"Α. Χωρίς επίσημη ψηφιακή πηγή","c","Διαδικασίες Συντήρησης Αεροσκαφών","epal-c-mech-aircraft-mech-aircraft-5","Κεφάλαιο 2 — ΑΕΡΟΠΟΡΙΚΗ ΝΟΜΟΘΕΣΙΑ","no-ebooks-source",""
"Α. Χωρίς επίσημη ψηφιακή πηγή","c","Διαδικασίες Συντήρησης Αεροσκαφών","epal-c-mech-aircraft-mech-aircraft-5","Κεφάλαιο 3 — ΒΙΒΛΙΟΓΡΑΦΙΑ","no-ebooks-source",""
"Α. Χωρίς επίσημη ψηφιακή πηγή","c","Διαδικασίες Συντήρησης Αεροσκαφών","epal-c-mech-aircraft-mech-aircraft-5","Κεφάλαιο 4 — ΜΗΤΡΩΑ - ΕΝΤΥΠΑ","no-ebooks-source",""
"Α. Χωρίς επίσημη ψηφιακή πηγή","c","Διαδικασίες Συντήρησης Αεροσκαφών","epal-c-mech-aircraft-mech-aircraft-5","Κεφάλαιο 5 — ΠΡΟΛΗΠΤΙΚΗ ΣΥΝΤΗΡΗΣΗ","no-ebooks-source",""
"Α. Χωρίς επίσημη ψηφιακή πηγή","c","Διαδικασίες Συντήρησης Αεροσκαφών","epal-c-mech-aircraft-mech-aircraft-5","Κεφάλαιο 6 — ΑΠΟΘΗΚΕΥΣΗ ΑΕΡΟΣΚΑΦΩΝ","no-ebooks-source",""
"Α. Χωρίς επίσημη ψηφιακή πηγή","c","Διαδικασίες Συντήρησης Αεροσκαφών","epal-c-mech-aircraft-mech-aircraft-5","Κεφάλαιο 7 — ΑΝΤΙΔΙΑΒΡΩΤΙΚΗ ΠΡΟΣΤΑΣΙΑ","no-ebooks-source",""
"Α. Χωρίς επίσημη ψηφιακή πηγή","c","Διαδικασίες Συντήρησης Αεροσκαφών","epal-c-mech-aircraft-mech-aircraft-5","Κεφάλαιο 8 — ΑΠΡΟΓΡΑΜΜΑΤΙΣΤΗ ΣΥΝΤΗΡΗΣΗ","no-ebooks-source",""
"Α. Χωρίς επίσημη ψηφιακή πηγή","c","Διαδικασίες Συντήρησης Αεροσκαφών","epal-c-mech-aircraft-mech-aircraft-5","Κεφάλαιο 9 — ΕΦΟΔΙΑΣΤΙΚΗ ΣΥΝΤΗΡΗΣΗ","no-ebooks-source",""
"Α. Χωρίς επίσημη ψηφιακή πηγή","c","Διαδικασίες Συντήρησης Αεροσκαφών","epal-c-mech-aircraft-mech-aircraft-5","Κεφάλαιο 10 — ΕΞΥΠΗΡΕΤΗΣΗ ΑΕΡΟΣΚΑΦΩΝ","no-ebooks-source",""
"Α. Χωρίς επίσημη ψηφιακή πηγή","c","Διαδικασίες Συντήρησης Αεροσκαφών","epal-c-mech-aircraft-mech-aircraft-5","Κεφάλαιο 11 — ΟΡΓΑΝΩΣΗ ΚΑΙ ΠΡΟΓΡΑΜΜΑΤΙΣΜΟΣ ΑΕΡΟΠΟΡΙΚΩΝ ΕΡΓΑΣΙΩΝ","no-ebooks-source",""
"Α. Χωρίς επίσημη ψηφιακή πηγή","c","Εργαστήριο Αναπαραγωγικού Κοσμήματος – Σμάλτο","epal-c-arts-jewelry-arts-jewelry-4","Κεφάλαιο 1ο: Εισαγωγή","no-ebooks-source",""
"Α. Χωρίς επίσημη ψηφιακή πηγή","c","Εργαστήριο Αναπαραγωγικού Κοσμήματος – Σμάλτο","epal-c-arts-jewelry-arts-jewelry-4","Κεφάλαιο 2ο: Λαστιχιέρα","no-ebooks-source",""
"Α. Χωρίς επίσημη ψηφιακή πηγή","c","Εργαστήριο Αναπαραγωγικού Κοσμήματος – Σμάλτο","epal-c-arts-jewelry-arts-jewelry-4","Κεφάλαιο 3ο: Κεριέρα","no-ebooks-source",""
"Α. Χωρίς επίσημη ψηφιακή πηγή","c","Εργαστήριο Αναπαραγωγικού Κοσμήματος – Σμάλτο","epal-c-arts-jewelry-arts-jewelry-4","Κεφάλαιο 4ο: Στήσιμο δέντρου- Γύψος-","no-ebooks-source",""
"Α. Χωρίς επίσημη ψηφιακή πηγή","c","Εργαστήριο Αναπαραγωγικού Κοσμήματος – Σμάλτο","epal-c-arts-jewelry-arts-jewelry-4","Κεφάλαιο 5ο: Φούρνος","no-ebooks-source",""
"Α. Χωρίς επίσημη ψηφιακή πηγή","c","Εργαστήριο Αναπαραγωγικού Κοσμήματος – Σμάλτο","epal-c-arts-jewelry-arts-jewelry-4","Κεφάλαιο 6ο: Χυτήριο","no-ebooks-source",""
"Α. Χωρίς επίσημη ψηφιακή πηγή","c","Εργαστήριο Αναπαραγωγικού Κοσμήματος – Σμάλτο","epal-c-arts-jewelry-arts-jewelry-4","Κεφάλαιο 7ο: Σμάλτο","no-ebooks-source",""
"Α. Χωρίς επίσημη ψηφιακή πηγή","c","Εργαστήριο Αναπαραγωγικού Κοσμήματος – Σμάλτο","epal-c-arts-jewelry-arts-jewelry-4","Κεφάλαιο 8ο: Συστατικά","no-ebooks-source",""
"Α. Χωρίς επίσημη ψηφιακή πηγή","c","Εργαστήριο Αναπαραγωγικού Κοσμήματος – Σμάλτο","epal-c-arts-jewelry-arts-jewelry-4","Κεφάλαιο 9ο: Προετοιμασία μετάλλου και","no-ebooks-source",""
"Α. Χωρίς επίσημη ψηφιακή πηγή","c","Εργαστήριο Αναπαραγωγικού Κοσμήματος – Σμάλτο","epal-c-arts-jewelry-arts-jewelry-4","Κεφάλαιο 10ο: Ψήσιμο σμάλτου","no-ebooks-source",""
"Α. Χωρίς επίσημη ψηφιακή πηγή","c","Εργαστήριο Αναπαραγωγικού Κοσμήματος – Σμάλτο","epal-c-arts-jewelry-arts-jewelry-4","Κεφάλαιο 11ο: Cloissone","no-ebooks-source",""
"Α. Χωρίς επίσημη ψηφιακή πηγή","c","Εργαστήριο Αναπαραγωγικού Κοσμήματος – Σμάλτο","epal-c-arts-jewelry-arts-jewelry-4","Κεφάλαιο 12ο: Champleve","no-ebooks-source",""
"Α. Χωρίς επίσημη ψηφιακή πηγή","c","Εργαστήριο Αναπαραγωγικού Κοσμήματος – Σμάλτο","epal-c-arts-jewelry-arts-jewelry-4","Κεφάλαιο 13ο: Plique a jour","no-ebooks-source",""
"Α. Χωρίς επίσημη ψηφιακή πηγή","c","Εργαστήριο Αναπαραγωγικού Κοσμήματος – Σμάλτο","epal-c-arts-jewelry-arts-jewelry-4","Κεφάλαιο 14ο: Limoge","no-ebooks-source",""
"Α. Χωρίς επίσημη ψηφιακή πηγή","c","Εργαστήριο Αναπαραγωγικού Κοσμήματος – Σμάλτο","epal-c-arts-jewelry-arts-jewelry-4","Κεφάλαιο 15ο: Sgraffito","no-ebooks-source",""
"Α. Χωρίς επίσημη ψηφιακή πηγή","c","Εργαστήριο Πλαστικής – Μεταλλοπλαστικής","epal-c-arts-jewelry-arts-jewelry-6","Κεφάλαιο 1ο: Εισαγωγή","no-ebooks-source",""
"Α. Χωρίς επίσημη ψηφιακή πηγή","c","Εργαστήριο Πλαστικής – Μεταλλοπλαστικής","epal-c-arts-jewelry-arts-jewelry-6","Κεφάλαιο 2ο: Μοντέλα κοσμημάτων","no-ebooks-source",""
"Α. Χωρίς επίσημη ψηφιακή πηγή","c","Εργαστήριο Πλαστικής – Μεταλλοπλαστικής","epal-c-arts-jewelry-arts-jewelry-6","Κεφάλαιο 3ο: Μοντέλα αντικειμένων","no-ebooks-source",""
"Α. Χωρίς επίσημη ψηφιακή πηγή","c","Εργαστήριο Πλαστικής – Μεταλλοπλαστικής","epal-c-arts-jewelry-arts-jewelry-6","Κεφάλαιο 4ο: Κατασκευή εργαλείων","no-ebooks-source",""
"Α. Χωρίς επίσημη ψηφιακή πηγή","c","Εργαστήριο Πλαστικής – Μεταλλοπλαστικής","epal-c-arts-jewelry-arts-jewelry-6","Κεφάλαιο 5ο: Είδη και προετοιμασία","no-ebooks-source",""
"Α. Χωρίς επίσημη ψηφιακή πηγή","c","Εργαστήριο Πλαστικής – Μεταλλοπλαστικής","epal-c-arts-jewelry-arts-jewelry-6","Κεφάλαιο 6ο: Χάραξη επικόλληση στην","no-ebooks-source",""
"Α. Χωρίς επίσημη ψηφιακή πηγή","c","Εργαστήριο Πλαστικής – Μεταλλοπλαστικής","epal-c-arts-jewelry-arts-jewelry-6","Κεφάλαιο 7ο: Γεωμετρικά σχήματα","no-ebooks-source",""
"Α. Χωρίς επίσημη ψηφιακή πηγή","c","Εργαστήριο Πλαστικής – Μεταλλοπλαστικής","epal-c-arts-jewelry-arts-jewelry-6","Κεφάλαιο 8ο: Σύνθετες παραστάσεις","no-ebooks-source",""
"Α. Χωρίς επίσημη ψηφιακή πηγή","c","Εργαστήριο Πλαστικής – Μεταλλοπλαστικής","epal-c-arts-jewelry-arts-jewelry-6","Κεφάλαιο 9ο: Ελεύθερες συνθέσεις για","no-ebooks-source",""
"Α. Χωρίς επίσημη ψηφιακή πηγή","c","Εργαστήριο Χειροποίητου Κοσμήματος","epal-c-arts-jewelry-arts-jewelry-3","Κεφάλαιο 1ο: Εισαγωγή","no-ebooks-source",""
"Α. Χωρίς επίσημη ψηφιακή πηγή","c","Εργαστήριο Χειροποίητου Κοσμήματος","epal-c-arts-jewelry-arts-jewelry-3","Κεφάλαιο 2ο: Χρήση ατομικών εργαλείων","no-ebooks-source",""
"Α. Χωρίς επίσημη ψηφιακή πηγή","c","Εργαστήριο Χειροποίητου Κοσμήματος","epal-c-arts-jewelry-arts-jewelry-3","Κεφάλαιο 3ο: Κόλληση","no-ebooks-source",""
"Α. Χωρίς επίσημη ψηφιακή πηγή","c","Εργαστήριο Χειροποίητου Κοσμήματος","epal-c-arts-jewelry-arts-jewelry-3","Κεφάλαιο 4ο: Τήξη και χύτευση πολύτιμων","no-ebooks-source",""
"Α. Χωρίς επίσημη ψηφιακή πηγή","c","Εργαστήριο Χειροποίητου Κοσμήματος","epal-c-arts-jewelry-arts-jewelry-3","Κεφάλαιο 5ο: Βέρα μισοστρόγγυλη, πλακέ","no-ebooks-source",""
"Α. Χωρίς επίσημη ψηφιακή πηγή","c","Εργαστήριο Χειροποίητου Κοσμήματος","epal-c-arts-jewelry-arts-jewelry-3","Κεφάλαιο 6ο: Κατασκευή καστονιού για","no-ebooks-source",""
"Α. Χωρίς επίσημη ψηφιακή πηγή","c","Εργαστήριο Χειροποίητου Κοσμήματος","epal-c-arts-jewelry-arts-jewelry-3","Κεφάλαιο 7ο: Συρματερή τεχνική","no-ebooks-source",""
"Α. Χωρίς επίσημη ψηφιακή πηγή","c","Εργαστήριο Χειροποίητου Κοσμήματος","epal-c-arts-jewelry-arts-jewelry-3","Κεφάλαιο 8ο: Ντεγκραντέ δακτυλίδι","no-ebooks-source",""
"Α. Χωρίς επίσημη ψηφιακή πηγή","c","Εργαστήριο Χειροποίητου Κοσμήματος","epal-c-arts-jewelry-arts-jewelry-3","Κεφάλαιο 9ο: Κατασκευή σαρνιέρας","no-ebooks-source",""
"Α. Χωρίς επίσημη ψηφιακή πηγή","c","Εργαστήριο Χειροποίητου Κοσμήματος","epal-c-arts-jewelry-arts-jewelry-3","Κεφάλαιο 10ο: Κούφιο κόσμημα","no-ebooks-source",""
"Α. Χωρίς επίσημη ψηφιακή πηγή","c","Εργαστήριο Χειροποίητου Κοσμήματος","epal-c-arts-jewelry-arts-jewelry-3","Κεφάλαιο 11ο: Πριτσίνωμα","no-ebooks-source",""
"Α. Χωρίς επίσημη ψηφιακή πηγή","c","Εργαστήριο Χειροποίητου Κοσμήματος","epal-c-arts-jewelry-arts-jewelry-3","Κεφάλαιο 12ο: Κλασικός σταυρός","no-ebooks-source",""
"Α. Χωρίς επίσημη ψηφιακή πηγή","c","Εργαστήριο Χειροποίητου Κοσμήματος","epal-c-arts-jewelry-arts-jewelry-3","Κεφάλαιο 13ο: Γυναικεία δακτυλίδια με","no-ebooks-source",""
"Α. Χωρίς επίσημη ψηφιακή πηγή","c","Εργαστήριο Χειροποίητου Κοσμήματος","epal-c-arts-jewelry-arts-jewelry-3","Κεφάλαιο 14ο: Μονόπετρο","no-ebooks-source",""
"Α. Χωρίς επίσημη ψηφιακή πηγή","c","Εργαστήριο Χειροποίητου Κοσμήματος","epal-c-arts-jewelry-arts-jewelry-3","Κεφάλαιο 15ο: Σύνδεσμοι κουμπώματα","no-ebooks-source",""
"Α. Χωρίς επίσημη ψηφιακή πηγή","c","Ηλεκτρονική Σχεδίαση Βιομηχανικού Προϊόντος","epal-c-arts-fashion-arts-fashion-4","Κεφάλαιο 10ο: Ηλεκτρονική σχεδίαση","no-ebooks-source",""
"Α. Χωρίς επίσημη ψηφιακή πηγή","c","Ναυσιπλοΐα ΙΙ","epal-c-maritime-master-maritime-master-1","Κεφάλαιο 7 — Ναυτική κοσμογραφία","no-ebooks-source",""
"Α. Χωρίς επίσημη ψηφιακή πηγή","c","Ναυσιπλοΐα ΙΙ","epal-c-maritime-master-maritime-master-1","Κεφάλαιο 8 — Χρόνος","no-ebooks-source",""
"Α. Χωρίς επίσημη ψηφιακή πηγή","c","Ναυσιπλοΐα ΙΙ","epal-c-maritime-master-maritime-master-1","Κεφάλαιο 9 — Αστρονομική ναυσιπλοΐα","no-ebooks-source",""
"Α. Χωρίς επίσημη ψηφιακή πηγή","c","Ναυσιπλοΐα ΙΙ","epal-c-maritime-master-maritime-master-1","Κεφάλαιο 10 — Ωκεανοπλοΐα","no-ebooks-source",""
"Α. Χωρίς επίσημη ψηφιακή πηγή","c","Ναυσιπλοΐα ΙΙ","epal-c-maritime-master-maritime-master-1","Κεφάλαιο 11 — Παλίρροιες","no-ebooks-source",""
"Α. Χωρίς επίσημη ψηφιακή πηγή","c","Ναυτικές Μηχανές","epal-c-maritime-engineer-maritime-engineer-1","Τόμος Α΄ — Κεφάλαιο 1: Κατάταξη και στοιχειώδης περιγραφή λειτουργίας των εμβολοφόρων ΜΕΚ","named-book-not-in-official-epal-inventory",""
"Α. Χωρίς επίσημη ψηφιακή πηγή","c","Ναυτικές Μηχανές","epal-c-maritime-engineer-maritime-engineer-1","Τόμος Α΄ — Κεφάλαιο 2: Στοιχειώδης περιγραφή των βασικών τμημάτων εμβολοφόρων ΜΕΚ","named-book-not-in-official-epal-inventory",""
"Α. Χωρίς επίσημη ψηφιακή πηγή","c","Ναυτικές Μηχανές","epal-c-maritime-engineer-maritime-engineer-1","Τόμος Α΄ — Κεφάλαιο 3: Βασικές λειτουργίες των εμβολοφόρων ΜΕΚ","named-book-not-in-official-epal-inventory",""
"Α. Χωρίς επίσημη ψηφιακή πηγή","c","Ναυτικές Μηχανές","epal-c-maritime-engineer-maritime-engineer-1","Τόμος Α΄ — Κεφάλαιο 6: Δίκτυα των εμβολοφόρων ναυτικών πετρελαιομηχανών","named-book-not-in-official-epal-inventory",""
"Α. Χωρίς επίσημη ψηφιακή πηγή","c","Ναυτικό Δίκαιο - Διεθνείς Κανονισμοί στη Ναυτιλία - Εφαρμογές","epal-c-maritime-engineer-maritime-engineer-2","Στοιχεία Ναυτικού Δικαίου — Κεφάλαιο 1: Ναυτικό δίκαιο","no-ebooks-source",""
"Α. Χωρίς επίσημη ψηφιακή πηγή","c","Ναυτικό Δίκαιο - Διεθνείς Κανονισμοί στη Ναυτιλία - Εφαρμογές","epal-c-maritime-engineer-maritime-engineer-2","Στοιχεία Ναυτικού Δικαίου — Κεφάλαιο 5: Ο πλοίαρχος","no-ebooks-source",""
"Α. Χωρίς επίσημη ψηφιακή πηγή","c","Ναυτικό Δίκαιο - Διεθνείς Κανονισμοί στη Ναυτιλία - Εφαρμογές","epal-c-maritime-engineer-maritime-engineer-2","Στοιχεία Ναυτικού Δικαίου — Κεφάλαιο 6: Το πλήρωμα","no-ebooks-source",""
"Α. Χωρίς επίσημη ψηφιακή πηγή","c","Ναυτικό Δίκαιο - Διεθνείς Κανονισμοί στη Ναυτιλία - Εφαρμογές","epal-c-maritime-engineer-maritime-engineer-2","Στοιχεία Ναυτικού Δικαίου — Κεφάλαιο 8: Κανονισμοί εργασίας","no-ebooks-source",""
"Α. Χωρίς επίσημη ψηφιακή πηγή","c","Ναυτικό Δίκαιο - Διεθνείς Κανονισμοί στη Ναυτιλία - Εφαρμογές","epal-c-maritime-engineer-maritime-engineer-2","Στοιχεία Ναυτικού Δικαίου — Κεφάλαιο 14: Ναυτικά αδικήματα και ποινικές ευθύνες","no-ebooks-source",""
"Α. Χωρίς επίσημη ψηφιακή πηγή","c","Ναυτικό Δίκαιο - Διεθνείς Κανονισμοί στη Ναυτιλία - Εφαρμογές","epal-c-maritime-engineer-maritime-engineer-2","Στοιχεία Ναυτικού Δικαίου — Κεφάλαιο 15: Πειθαρχικό δίκαιο Εμπορικού Ναυτικού","no-ebooks-source",""
"Α. Χωρίς επίσημη ψηφιακή πηγή","c","Ναυτικό Δίκαιο - Διεθνείς Κανονισμοί στη Ναυτιλία - Εφαρμογές","epal-c-maritime-engineer-maritime-engineer-2","Στοιχεία Ναυτικού Δικαίου — Κεφάλαιο 16: Το ναυτικό ατύχημα","no-ebooks-source",""
"Α. Χωρίς επίσημη ψηφιακή πηγή","c","Ναυτικό Δίκαιο - Διεθνείς Κανονισμοί στη Ναυτιλία - Εφαρμογές","epal-c-maritime-engineer-maritime-engineer-2","Στοιχεία Ναυτικού Δικαίου — Κεφάλαιο 19: Ο ναυτικός πράκτορας","no-ebooks-source",""
"Α. Χωρίς επίσημη ψηφιακή πηγή","c","Ναυτικό Δίκαιο - Διεθνείς Κανονισμοί στη Ναυτιλία - Εφαρμογές","epal-c-maritime-engineer-maritime-engineer-2","Στοιχεία Ναυτικού Δικαίου — Κεφάλαιο 20: Ο πλοηγός","no-ebooks-source",""
"Α. Χωρίς επίσημη ψηφιακή πηγή","c","Ναυτικό Δίκαιο - Διεθνείς Κανονισμοί στη Ναυτιλία - Εφαρμογές","epal-c-maritime-engineer-maritime-engineer-2","Στοιχεία Ναυτικού Δικαίου — Κεφάλαιο 28: Η τρομοκρατία στη θάλασσα - επικίνδυνες περιοχές","no-ebooks-source",""
"Α. Χωρίς επίσημη ψηφιακή πηγή","c","Ναυτικό Δίκαιο - Διεθνείς Κανονισμοί στη Ναυτιλία - Εφαρμογές","epal-c-maritime-engineer-maritime-engineer-2","Διεθνείς Κανονισμοί — Κεφάλαιο 2: SOLAS — ασφάλεια ναυσιπλοΐας και ανθρώπινης ζωής στη θάλασσα","no-ebooks-source",""
"Α. Χωρίς επίσημη ψηφιακή πηγή","c","Ναυτικό Δίκαιο - Διεθνείς Κανονισμοί στη Ναυτιλία - Εφαρμογές","epal-c-maritime-engineer-maritime-engineer-2","Διεθνείς Κανονισμοί — Κεφάλαιο 3: STCW — διαχείριση ανθρώπινου δυναμικού στην εμπορική ναυτιλία","no-ebooks-source",""
"Α. Χωρίς επίσημη ψηφιακή πηγή","c","Ναυτικό Δίκαιο - Διεθνείς Κανονισμοί στη Ναυτιλία - Εφαρμογές","epal-c-maritime-engineer-maritime-engineer-2","Διεθνείς Κανονισμοί — Κεφάλαιο 4: MARPOL — προστασία του θαλάσσιου περιβάλλοντος","no-ebooks-source",""
"Α. Χωρίς επίσημη ψηφιακή πηγή","c","Ναυτικό Δίκαιο - Διεθνείς Κανονισμοί στη Ναυτιλία - Εφαρμογές","epal-c-maritime-engineer-maritime-engineer-2","Διεθνείς Κανονισμοί — Κεφάλαιο 5: ISM — ασφάλεια και ποιότητα στην εμπορική ναυτιλία","no-ebooks-source",""
"Α. Χωρίς επίσημη ψηφιακή πηγή","c","Ναυτικό Δίκαιο - Διεθνείς Κανονισμοί στη Ναυτιλία - Εφαρμογές","epal-c-maritime-engineer-maritime-engineer-2","Διεθνείς Κανονισμοί — Κεφάλαιο 6: ISPS — ασφάλεια πλοίων και λιμενικών εγκαταστάσεων","no-ebooks-source",""
"Α. Χωρίς επίσημη ψηφιακή πηγή","c","Ναυτικό Δίκαιο - Διεθνείς Κανονισμοί στη Ναυτιλία - Εφαρμογές","epal-c-maritime-engineer-maritime-engineer-2","Διεθνείς Κανονισμοί — Κεφάλαιο 8: BWM — διαχείριση έρματος","no-ebooks-source",""
"Α. Χωρίς επίσημη ψηφιακή πηγή","c","Στοιχεία Μηχανών","epal-c-mech-aircraft-mech-aircraft-1","Παράρτημα — Κεφάλαιο 14: Υπολογισμοί - Επιλογές Στοιχείων Μηχανών","named-book-not-in-official-epal-inventory",""
"Β. Επίσημο PDF χωρίς κείμενο (σαρωμένο)","c","Ακτινοπροστασία","epal-c-health-radiology-health-radiology-3","Κεφάλαιο 1 — ΑΚΤΙΝΟΒΟΛΙΑ-ΡΑΔΙΕΝΕΡΓΕΙΑ","official-pdf-without-text-layer",""
"Β. Επίσημο PDF χωρίς κείμενο (σαρωμένο)","c","Ακτινοπροστασία","epal-c-health-radiology-health-radiology-3","Κεφάλαιο 2 — ΜΟΝΑΔΕΣ ΚΑΙ ΟΡΓΑΝΑ ΔΟΣΙΜΕΤΡΙΑΣ","official-pdf-without-text-layer",""
"Β. Επίσημο PDF χωρίς κείμενο (σαρωμένο)","c","Ακτινοπροστασία","epal-c-health-radiology-health-radiology-3","Κεφάλαιο 3 — Η ΔΡΑΣΗ ΤΗΣ ΑΚΤΙΝΟΒΟΛΙΑΣ ΣΤΑ ΒΙΟΛΟΓΙΚΑ ΥΛΙΚΑ","official-pdf-without-text-layer",""
"Β. Επίσημο PDF χωρίς κείμενο (σαρωμένο)","c","Ακτινοπροστασία","epal-c-health-radiology-health-radiology-3","Κεφάλαιο 4 — ΑΜΕΣΑ ΚΑΙ ΑΠΩΤΕΡΑ ΒΙΟΛΟΓΙΚΑ ΑΠΟΤΕΛΕΣΜΑΤΑ","official-pdf-without-text-layer",""
"Β. Επίσημο PDF χωρίς κείμενο (σαρωμένο)","c","Ακτινοπροστασία","epal-c-health-radiology-health-radiology-3","Κεφάλαιο 5 — ΑΡΧΕΣ ΑΚΤΙΝΟΠΡΟΣΤΑΣΙΑΣ","official-pdf-without-text-layer",""
"Β. Επίσημο PDF χωρίς κείμενο (σαρωμένο)","c","Ακτινοπροστασία","epal-c-health-radiology-health-radiology-3","Κεφάλαιο 6 — ΟΔΗΓΙΑ 97/43/EURATOM","official-pdf-without-text-layer",""
"Β. Επίσημο PDF χωρίς κείμενο (σαρωμένο)","c","Ακτινοπροστασία","epal-c-health-radiology-health-radiology-3","Κεφάλαιο 7 — ΚΑΝΟΝΙΣΜΟΣ ΑΚΤΙΝΟΠΡΟΣΤΑΣΙΑΣ","official-pdf-without-text-layer",""
"Β. Επίσημο PDF χωρίς κείμενο (σαρωμένο)","c","Ακτινοπροστασία","epal-c-health-radiology-health-radiology-3","Κεφάλαιο 8 — ΑΔΕΙΑ ΛΕΙΤΟΥΡΓΙΑΣ ΑΚΤΙΝΟΛΟΓΙΚΟΥ ΕΡΓΑΣΤΗΡΙΟΥ","official-pdf-without-text-layer",""
"Β. Επίσημο PDF χωρίς κείμενο (σαρωμένο)","c","Ακτινοπροστασία","epal-c-health-radiology-health-radiology-3","Κεφάλαιο 9 — ΑΚΤΙΝΟΠΡΟΣΤΑΣΙΑ ΠΡΟΣΩΠΙΚΟΥ","official-pdf-without-text-layer",""
"Β. Επίσημο PDF χωρίς κείμενο (σαρωμένο)","c","Ακτινοπροστασία","epal-c-health-radiology-health-radiology-3","Κεφάλαιο 10 — ΑΚΤΙΝΟΠΡΟΣΤΑΣΙΑ ΕΞΕΤΑΖΟΜΕΝΟΥ","official-pdf-without-text-layer",""
"Γ. Επίσημο βιβλίο υπάρχει - ασαφές μεταξύ βιβλίων","b","Δομικών Έργων, Δομημένου Περιβάλλοντος και Αρχιτεκτονικού Σχεδιασμού · Τοπογραφικό Σχέδιο – Ψηφιακή Χαρτογραφία","epal-b-δομικων-εργων-δομημενου-περιβαλλοντος-και-αρχιτεκτονικου-σχεδιασμου-b-δομικων-εργων-δομημενου-περιβαλλοντος-και-αρχιτεκτονικου-σχεδιασμου-survey-dig","Κεφάλαιο 1:","ambiguous-between-official-books","8547-4184"
"Γ. Επίσημο βιβλίο υπάρχει - ασαφές μεταξύ βιβλίων","b","Δομικών Έργων, Δομημένου Περιβάλλοντος και Αρχιτεκτονικού Σχεδιασμού · Τοπογραφικό Σχέδιο – Ψηφιακή Χαρτογραφία","epal-b-δομικων-εργων-δομημενου-περιβαλλοντος-και-αρχιτεκτονικου-σχεδιασμου-b-δομικων-εργων-δομημενου-περιβαλλοντος-και-αρχιτεκτονικου-σχεδιασμου-survey-dig","Κεφάλαιο 3","ambiguous-between-official-books","8547-4184 8547-4582"
"Γ. Επίσημο βιβλίο υπάρχει - ασαφές μεταξύ βιβλίων","b","Δομικών Έργων, Δομημένου Περιβάλλοντος και Αρχιτεκτονικού Σχεδιασμού · Τοπογραφικό Σχέδιο – Ψηφιακή Χαρτογραφία","epal-b-δομικων-εργων-δομημενου-περιβαλλοντος-και-αρχιτεκτονικου-σχεδιασμου-b-δομικων-εργων-δομημενου-περιβαλλοντος-και-αρχιτεκτονικου-σχεδιασμου-survey-dig","Κεφάλαιο 5","ambiguous-between-official-books","8547-4184"
"Γ. Επίσημο βιβλίο υπάρχει - ασαφές μεταξύ βιβλίων","b","Εφαρμοσμένων Τεχνών · Ειδικό εργαστηριακό: Φωτογραφία και Ηλεκτρονική Επεξεργασία Εικόνας","epal-b-εφαρμοσμενων-τεχνων-b-εφαρμοσμενων-τεχνων-photo","Κεφάλαιο 4: Εμφανίζοντας","ambiguous-between-official-books","8547-4192"
"Γ. Επίσημο βιβλίο υπάρχει - ασαφές μεταξύ βιβλίων","b","Εφαρμοσμένων Τεχνών · Ελεύθερο Σχέδιο","epal-b-εφαρμοσμενων-τεχνων-b-εφαρμοσμενων-τεχνων-freehand-drawing","Κεφ. 2 Σχήματα θετικά και αρνητικά – Μέσω σχεδιαστικών ασκήσεων να δοθεί έμφαση στα","ambiguous-between-official-books","8547-4468"
"Γ. Επίσημο βιβλίο υπάρχει - ασαφές μεταξύ βιβλίων","b","Εφαρμοσμένων Τεχνών · Ελεύθερο Σχέδιο","epal-b-εφαρμοσμενων-τεχνων-b-εφαρμοσμενων-τεχνων-freehand-drawing","Κεφ. 3 Σύγκριση των τόνων και αναλογική Προτείνεται η σχεδίαση ολοκληρωμένης σύνθεσης","ambiguous-between-official-books","8547-4468"
"Γ. Επίσημο βιβλίο υπάρχει - ασαφές μεταξύ βιβλίων","b","Εφαρμοσμένων Τεχνών · Ελεύθερο Σχέδιο","epal-b-εφαρμοσμενων-τεχνων-b-εφαρμοσμενων-τεχνων-freehand-drawing","Κεφ. 8 Απόλυτος και φαινόμενος τόνος – αντικειμένων διαφορετικών υλικών και σχημάτων, με έντονο","ambiguous-between-official-books","8547-4468"
"Γ. Επίσημο βιβλίο υπάρχει - ασαφές μεταξύ βιβλίων","b","Εφαρμοσμένων Τεχνών · Ελεύθερο Σχέδιο","epal-b-εφαρμοσμενων-τεχνων-b-εφαρμοσμενων-τεχνων-freehand-drawing","Κεφ. 11 Αναπαραγωγή δισδιάστατης χρήση κάναβου","ambiguous-between-official-books","8547-4468"
"Γ. Επίσημο βιβλίο υπάρχει - ασαφές μεταξύ βιβλίων","b","Εφαρμοσμένων Τεχνών · Ελεύθερο Σχέδιο","epal-b-εφαρμοσμενων-τεχνων-b-εφαρμοσμενων-τεχνων-freehand-drawing","Κεφάλαιο 4: Γραμμές ισορροπίας","ambiguous-between-official-books","8547-4468"
"Γ. Επίσημο βιβλίο υπάρχει - ασαφές μεταξύ βιβλίων","b","Εφαρμοσμένων Τεχνών · Ελεύθερο Σχέδιο","epal-b-εφαρμοσμενων-τεχνων-b-εφαρμοσμενων-τεχνων-freehand-drawing","Κεφάλαιο 5: Βασικό γυναικείο σκίτσο","ambiguous-between-official-books","8547-4468"
"Γ. Επίσημο βιβλίο υπάρχει - ασαφές μεταξύ βιβλίων","b","Εφαρμοσμένων Τεχνών · Ελεύθερο Σχέδιο","epal-b-εφαρμοσμενων-τεχνων-b-εφαρμοσμενων-τεχνων-freehand-drawing","Κεφάλαιο 9:","ambiguous-between-official-books","8547-4468"
"Γ. Επίσημο βιβλίο υπάρχει - ασαφές μεταξύ βιβλίων","b","Εφαρμοσμένων Τεχνών · Εφαρμοσμένες Τέχνες με χρήση Η/Υ","epal-b-εφαρμοσμενων-τεχνων-b-εφαρμοσμενων-τεχνων-computer-applied-arts","Κεφ.6: Το αλφάβητο του CAD – Σχεδίαση","ambiguous-between-official-books","8547-4208"
"Γ. Επίσημο βιβλίο υπάρχει - ασαφές μεταξύ βιβλίων","b","Εφαρμοσμένων Τεχνών · Εφαρμοσμένες Τέχνες με χρήση Η/Υ","epal-b-εφαρμοσμενων-τεχνων-b-εφαρμοσμενων-τεχνων-computer-applied-arts","Κεφ. 16: Εκτύπωση σχεδίου","ambiguous-between-official-books","8547-4208"
"Γ. Επίσημο βιβλίο υπάρχει - ασαφές μεταξύ βιβλίων","b","Εφαρμοσμένων Τεχνών · Ιστορία της Τέχνης","epal-b-εφαρμοσμενων-τεχνων-b-εφαρμοσμενων-τεχνων-art-history","Κεφ. 2: Η τέχνης της Μεσοποταμίας – Η Προβολή/παρουσίαση εικόνων","ambiguous-between-official-books","8547-4476"
"Γ. Επίσημο βιβλίο υπάρχει - ασαφές μεταξύ βιβλίων","b","Εφαρμοσμένων Τεχνών · Ιστορία της Τέχνης","epal-b-εφαρμοσμενων-τεχνων-b-εφαρμοσμενων-τεχνων-art-history","Κεφ. 4: Η Ελληνική τέχνη: από τους Προβολή / παρουσίαση εικόνων από τον αρχαίο ελληνικό","ambiguous-between-official-books","8547-4476"
"Γ. Επίσημο βιβλίο υπάρχει - ασαφές μεταξύ βιβλίων","b","Εφαρμοσμένων Τεχνών · Ιστορία της Τέχνης","epal-b-εφαρμοσμενων-τεχνων-b-εφαρμοσμενων-τεχνων-art-history","Κεφ. 10: Η","ambiguous-between-official-books","8547-4212"
"Γ. Επίσημο βιβλίο υπάρχει - ασαφές μεταξύ βιβλίων","b","Ηλεκτρολογίας, Ηλεκτρονικής και Αυτοματισμού · Εσωτερικές Ηλεκτρικές Εγκαταστάσεις και Ηλεκτρολογικό Σχέδιο","epal-b-ηλεκτρολογιας-ηλεκτρονικης-και-αυτοματισμου-b-ηλεκτρολογιας-ηλεκτρονικης-και-αυτοματισμου-internal-installations","Κεφάλαιο 1: Εργαλεία του Ηλεκτρολόγου εγκαταστάτη","ambiguous-between-official-books","8547-5283 8547-5287"
"Γ. Επίσημο βιβλίο υπάρχει - ασαφές μεταξύ βιβλίων","c","Αιματολογία","epal-c-health-labs-health-labs-4","Κεφ. 1ο","ambiguous-between-official-books","8547-4308 8547-4310"
"Γ. Επίσημο βιβλίο υπάρχει - ασαφές μεταξύ βιβλίων","c","Αιματολογία","epal-c-health-labs-health-labs-4","Κεφ. 2ο","ambiguous-between-official-books","8547-4308 8547-4310"
"Γ. Επίσημο βιβλίο υπάρχει - ασαφές μεταξύ βιβλίων","c","Αιματολογία","epal-c-health-labs-health-labs-4","Κεφ. 3ο","ambiguous-between-official-books","8547-4308 8547-4310"
"Γ. Επίσημο βιβλίο υπάρχει - ασαφές μεταξύ βιβλίων","c","Αιματολογία","epal-c-health-labs-health-labs-4","Κεφ. 4ο","ambiguous-between-official-books","8547-4308 8547-4310"
"Γ. Επίσημο βιβλίο υπάρχει - ασαφές μεταξύ βιβλίων","c","Αιματολογία","epal-c-health-labs-health-labs-4","Κεφ. 5ο","ambiguous-between-official-books","8547-4308 8547-4310"
"Γ. Επίσημο βιβλίο υπάρχει - ασαφές μεταξύ βιβλίων","c","Αιματολογία","epal-c-health-labs-health-labs-4","Κεφ. 6ο","ambiguous-between-official-books","8547-4308 8547-4310"
"Γ. Επίσημο βιβλίο υπάρχει - ασαφές μεταξύ βιβλίων","c","Αιματολογία","epal-c-health-labs-health-labs-4","Κεφ. 7ο","ambiguous-between-official-books","8547-4308 8547-4310"
"Γ. Επίσημο βιβλίο υπάρχει - ασαφές μεταξύ βιβλίων","c","Αιματολογία","epal-c-health-labs-health-labs-4","Κεφ. 8ο","ambiguous-between-official-books","8547-4308 8547-4310"
"Γ. Επίσημο βιβλίο υπάρχει - ασαφές μεταξύ βιβλίων","c","Αιματολογία","epal-c-health-labs-health-labs-4","Κεφ. 9ο","ambiguous-between-official-books","8547-4308 8547-4310"
"Γ. Επίσημο βιβλίο υπάρχει - ασαφές μεταξύ βιβλίων","c","Αιματολογία","epal-c-health-labs-health-labs-4","Κεφ. 12ο","ambiguous-between-official-books","8547-4308 8547-4310"
"Γ. Επίσημο βιβλίο υπάρχει - ασαφές μεταξύ βιβλίων","c","Αιματολογία","epal-c-health-labs-health-labs-4","Κεφ. 13ο","ambiguous-between-official-books","8547-4308 8547-4310"
"Γ. Επίσημο βιβλίο υπάρχει - ασαφές μεταξύ βιβλίων","c","Διακόσμηση Εσωτερικών Χώρων","epal-c-arts-interior-arts-interior-5","Κεφάλαιο 6ο: Μια κατοικία","ambiguous-between-official-books","8547-4206"
"Γ. Επίσημο βιβλίο υπάρχει - ασαφές μεταξύ βιβλίων","c","Διακόσμηση Εσωτερικών Χώρων","epal-c-arts-interior-arts-interior-5","Κεφάλαιο 2ο: Σχεδιασμός","ambiguous-between-official-books","8547-4206"
"Γ. Επίσημο βιβλίο υπάρχει - ασαφές μεταξύ βιβλίων","c","Ελεύθερο Σχέδιο","epal-c-arts-wood-arts-wood-7","Κεφάλαιο 9:","ambiguous-between-official-books","8547-4198"
"Γ. Επίσημο βιβλίο υπάρχει - ασαφές μεταξύ βιβλίων","c","Κινητήρες Αεροσκαφών (Εργαστήριο)","epal-c-mech-aircraft-mech-aircraft-3","Κεφάλαιο 1: ΕΜΒΟΛΟΦΟΡΟΙ ΚΙΝΗΤΗΡΕΣ ΑΕΡΟΣΚΑΦΩΝ","ambiguous-between-official-books","8547-4098 8547-4102"
"Γ. Επίσημο βιβλίο υπάρχει - ασαφές μεταξύ βιβλίων","c","Μηχανές Εσωτερικής Καύσης ΙΙ (Εργαστήριο)","epal-c-mech-vehicles-mech-vehicles-3","Κεφάλαιο 2","ambiguous-between-official-books","8547-4082 8547-4020 8547-4084 8547-4018"
"Γ. Επίσημο βιβλίο υπάρχει - ασαφές μεταξύ βιβλίων","c","Μηχανές Εσωτερικής Καύσης ΙΙ (Εργαστήριο)","epal-c-mech-vehicles-mech-vehicles-3","Κεφάλαιο 3","ambiguous-between-official-books","8547-4082 8547-4020 8547-4084 8547-4018"
"Γ. Επίσημο βιβλίο υπάρχει - ασαφές μεταξύ βιβλίων","c","Μηχανές Εσωτερικής Καύσης ΙΙ (Εργαστήριο)","epal-c-mech-vehicles-mech-vehicles-3","Κεφάλαιο 6","ambiguous-between-official-books","8547-4082 8547-4020 8547-4084"
"Γ. Επίσημο βιβλίο υπάρχει - ασαφές μεταξύ βιβλίων","c","Μηχανές Εσωτερικής Καύσης ΙΙ (Εργαστήριο)","epal-c-mech-vehicles-mech-vehicles-3","Κεφάλαιο 8","ambiguous-between-official-books","8547-4082 8547-4084"
"Γ. Επίσημο βιβλίο υπάρχει - ασαφές μεταξύ βιβλίων","c","Μηχανολογική Σχεδίαση Εγκαταστάσεων Ψύξης και Κλιματισμού","epal-c-mech-hvac-mech-hvac-6","Κεφάλαιο 2 — ΣΧΕΔΙΑΣΗ ΔΙΚΤΥΩΝ ΣΩΛΗΝΩΣΕΩΝ ΨΥΚΤΙΚΩΝ ΕΓΚΑΤΑΣΤΑΣΕΩΝ","ambiguous-between-official-books","8547-4076 8547-4078"
"Γ. Επίσημο βιβλίο υπάρχει - ασαφές μεταξύ βιβλίων","c","Νοσηλευτική II","epal-c-health-nursing-health-nursing-3","Κεφάλαιο 1 — 1.α, 1.β.","ambiguous-between-official-books","8547-5274"
"Γ. Επίσημο βιβλίο υπάρχει - ασαφές μεταξύ βιβλίων","c","Σχεδιαστική Τεκμηρίωση Έργων Τέχνης","epal-c-arts-conservation-arts-conservation-6","Κεφάλαιο 8ο: Αποτυπώσεις","ambiguous-between-official-books","8547-4220"
"Γ. Επίσημο βιβλίο υπάρχει - ασαφές μεταξύ βιβλίων","c","Σχεδιαστική Τεκμηρίωση Έργων Τέχνης","epal-c-arts-conservation-arts-conservation-6","Κεφάλαιο 9ο: Τι είναι η ηλεκτρονική","ambiguous-between-official-books","8547-4612"
"Γ. Επίσημο βιβλίο υπάρχει - ασαφές μεταξύ βιβλίων","c","Σχέδιο Πολιτικού Μηχανικού και Έργων Υποδομής","epal-c-structures-geoinfo-structures-geoinfo-3","Κεφάλαιο 1","ambiguous-between-official-books","8547-4556"
"Γ. Επίσημο βιβλίο υπάρχει - ασαφές μεταξύ βιβλίων","c","Σχέδιο Πολιτικού Μηχανικού και Έργων Υποδομής","epal-c-structures-geoinfo-structures-geoinfo-3","Κεφάλαιο 5 (εκτός ενότητας 5.4: Κατασκευή Όνυχα)","ambiguous-between-official-books","8547-4556"
"Γ. Επίσημο βιβλίο υπάρχει - ασαφές μεταξύ βιβλίων","c","Σχέδιο Πολιτικού Μηχανικού και Έργων Υποδομής","epal-c-structures-geoinfo-structures-geoinfo-3","Κεφάλαιο 6 (6.1, 6.2, 6.3, 6.4) και","ambiguous-between-official-books","8547-4556"
"Γ. Επίσημο βιβλίο υπάρχει - ασαφές μεταξύ βιβλίων","c","Σχέδιο Πολιτικού Μηχανικού και Έργων Υποδομής","epal-c-structures-geoinfo-structures-geoinfo-3","Κεφάλαιο 8 (8.1, 8.2)","ambiguous-between-official-books","8547-4556"
"Γ. Επίσημο βιβλίο υπάρχει - ασαφές μεταξύ βιβλίων","c","Υγιεινή Κόμης Τριχωτού Κεφαλής- Τοξικολογία- Δερματολογία","epal-c-health-hairdressing-health-hairdressing-3","Κεφάλαιο 2 — ΝΟΣΟΙ ΤΟΥ ΤΡΙΧΩΤΟΥ ΤΗΣ ΚΕΦΑΛΗΣ","ambiguous-between-official-books","8547-4460"
"Γ. Επίσημο βιβλίο υπάρχει - ασαφές μεταξύ βιβλίων","c","Υγιεινή Κόμης Τριχωτού Κεφαλής- Τοξικολογία- Δερματολογία","epal-c-health-hairdressing-health-hairdressing-3","Κεφάλαιο 8 — ΑΚΜΗ","ambiguous-between-official-books","8547-4460"
"Γ. Επίσημο βιβλίο υπάρχει - ασαφές μεταξύ βιβλίων","c","Υγιεινή Κόμης Τριχωτού Κεφαλής- Τοξικολογία- Δερματολογία","epal-c-health-hairdressing-health-hairdressing-3","Κεφάλαιο 10 — Η ΨΩΡΙΑΣΗ","ambiguous-between-official-books","8547-4460"
"Γ. Επίσημο βιβλίο υπάρχει - ασαφές μεταξύ βιβλίων","c","Υγιεινή Κόμης Τριχωτού Κεφαλής- Τοξικολογία- Δερματολογία","epal-c-health-hairdressing-health-hairdressing-3","Κεφάλαιο 11 — ΝΟΣΟΙ ΤΩΝ ΤΡΙΧΩΝ","ambiguous-between-official-books","8547-4460"
"Γ. Επίσημο βιβλίο υπάρχει - ασαφές μεταξύ βιβλίων","c","Υγιεινή Κόμης Τριχωτού Κεφαλής- Τοξικολογία- Δερματολογία","epal-c-health-hairdressing-health-hairdressing-3","Κεφάλαιο 13 — ΝΟΣΟΙ ΠΟΥ ΑΦΟΡΟΥΝ ΤΟ ΧΡΩΜΑ ΤΩΝ ΤΡΙΧΩΝ","ambiguous-between-official-books","8547-4460"
"Γ. Επίσημο βιβλίο υπάρχει - ασαφές μεταξύ βιβλίων","c","Υγιεινή Κόμης Τριχωτού Κεφαλής- Τοξικολογία- Δερματολογία","epal-c-health-hairdressing-health-hairdressing-3","Κεφάλαιο 18 — ΓΥΡΟΕΙΔΗΣ ΑΛΩΠΕΚΙΑ","ambiguous-between-official-books","8547-4460"
"Γ. Επίσημο βιβλίο υπάρχει - ασαφές μεταξύ βιβλίων","c","Υγιεινή Κόμης Τριχωτού Κεφαλής- Τοξικολογία- Δερματολογία","epal-c-health-hairdressing-health-hairdressing-3","Κεφάλαιο 24 — ΠΕΡΜΑΝΑΝΤ","ambiguous-between-official-books","8547-4460"
"Γ. Επίσημο βιβλίο υπάρχει - ενότητα μη επαληθευμένη","a","Αρχές Γραμμικού και Αρχιτεκτονικού Σχεδίου","epal-a-architectural-drawing","Κεφάλαιο 1- Εισαγωγή","heading-not-found-in-official-books",""
"Γ. Επίσημο βιβλίο υπάρχει - ενότητα μη επαληθευμένη","a","Αρχές Οικονομίας","epal-a-economics","Κεφάλαιο. 1: Βασικές Οικονομικές Έννοιες","heading-not-found-in-official-books",""
"Γ. Επίσημο βιβλίο υπάρχει - ενότητα μη επαληθευμένη","a","Αρχές Οικονομίας","epal-a-economics","Κεφάλαιο 4: Η προσφορά αγαθών και υπηρεσιών","heading-not-found-in-official-books",""
"Γ. Επίσημο βιβλίο υπάρχει - ενότητα μη επαληθευμένη","a","Αρχές Οικονομίας","epal-a-economics","Κεφάλαιο 10: Πληθωρισμός και Ανεργία","heading-not-found-in-official-books",""
"Γ. Επίσημο βιβλίο υπάρχει - ενότητα μη επαληθευμένη","a","Βασικές Αρχές Σύνθεσης","epal-a-composition","Κεφ. 1 Γενικά για την τέχνη","heading-not-found-in-official-books",""
"Γ. Επίσημο βιβλίο υπάρχει - ενότητα μη επαληθευμένη","a","Βασικές Αρχές Σύνθεσης","epal-a-composition","Κεφ. 2 Η σύνθεση στις εφαρμοσμένες Προβολή από το διαδίκτυο διαφόρων έργων των","heading-not-found-in-official-books",""
"Γ. Επίσημο βιβλίο υπάρχει - ενότητα μη επαληθευμένη","a","Βασικές Αρχές Σύνθεσης","epal-a-composition","Κεφ. 3 Τα γεωμετρικά στοιχεία της Προβολή από το διαδίκτυο διαφόρων γεωμετρικών","heading-not-found-in-official-books",""
"Γ. Επίσημο βιβλίο υπάρχει - ενότητα μη επαληθευμένη","a","Βασικές Αρχές Σύνθεσης","epal-a-composition","Κεφ. 4 Τα χρωματικά στοιχεία της σύνθεσης Προβολή από το διαδίκτυο διαφόρων εικαστικών συνθέσεων","heading-not-found-in-official-books",""
"Γ. Επίσημο βιβλίο υπάρχει - ενότητα μη επαληθευμένη","a","Βιολογία","epal-a-biology","Κεφάλαιο 12 — Αναπαραγωγή, ανάπτυξη · Αναπαραγωγικό σύστημα (εκτός «Εμμηνορρυσιακός κύκλος») · Ανάπτυξη του εμβρύου, τοκετός (με τις ρητές εξαιρέσεις)","heading-not-found-in-official-books",""
"Γ. Επίσημο βιβλίο υπάρχει - ενότητα μη επαληθευμένη","a","Μαθηματικά (Άλγεβρα + Γεωμετρία)","epal-a-math","Άλγεβρα — Εισαγωγικό κεφάλαιο: Ε.2 Σύνολα","heading-not-found-in-official-books",""
"Γ. Επίσημο βιβλίο υπάρχει - ενότητα μη επαληθευμένη","b","Ακτινοτεχνολογία Ι","epal-b-health-health-14","Κεφάλαιο 2 — (ΖΑΜΑΝΗΣ Κ.-ΚΑΤΣΙΦΑΡΑΚΗΣ Δ.-","heading-not-found-in-official-books",""
"Γ. Επίσημο βιβλίο υπάρχει - ενότητα μη επαληθευμένη","b","Ακτινοτεχνολογία Ι","epal-b-health-health-14","Κεφάλαιο 8 — ΣΥΣΤΗΜΑ ΑΝΙΧΝΕΥΣΗΣ ΤΗΣ ΑΚΤΙΝΟΒΟΛΙΑΣ","heading-not-found-in-official-books",""
"Γ. Επίσημο βιβλίο υπάρχει - ενότητα μη επαληθευμένη","b","Ακτινοτεχνολογία Ι","epal-b-health-health-14","Κεφάλαιο 10 — ΑΝΑΔΕΙΞΗ ΛΑΝΘΑΝΟΥΣΑΣ ΕΙΚΟΝΑΣ.","heading-not-found-in-official-books",""
"Γ. Επίσημο βιβλίο υπάρχει - ενότητα μη επαληθευμένη","b","Γεωπονίας, Τροφίμων και Περιβάλλοντος · Αρχές Αγροτικής Ανάπτυξης","epal-b-γεωπονιας-τροφιμων-και-περιβαλλοντος-b-γεωπονιας-τροφιμων-και-περιβαλλοντος-rural-development","Κεφάλαιο 2 — Βασικές έννοιες στην οικονομική της παραγωγής γεωργικών προϊόντων","heading-not-found-in-official-books",""
"Γ. Επίσημο βιβλίο υπάρχει - ενότητα μη επαληθευμένη","b","Γεωπονίας, Τροφίμων και Περιβάλλοντος · Περιβάλλον και Γεωργία","epal-b-γεωπονιας-τροφιμων-και-περιβαλλοντος-b-γεωπονιας-τροφιμων-και-περιβαλλοντος-environment-agriculture","Κεφάλαιο 1 — Εισαγωγή","heading-not-found-in-official-books",""
"Γ. Επίσημο βιβλίο υπάρχει - ενότητα μη επαληθευμένη","b","Γεωπονίας, Τροφίμων και Περιβάλλοντος · Τεχνολογία Τροφίμων","epal-b-γεωπονιας-τροφιμων-και-περιβαλλοντος-b-γεωπονιας-τροφιμων-και-περιβαλλοντος-food-technology","Κεφάλαιο 7 — Έρευνα και ανάπτυξη της Βιομηχανίας Τροφίμων","heading-not-found-in-official-books",""
"Γ. Επίσημο βιβλίο υπάρχει - ενότητα μη επαληθευμένη","b","Γεωπονίας, Τροφίμων και Περιβάλλοντος · Φυτική Παραγωγή","epal-b-γεωπονιας-τροφιμων-και-περιβαλλοντος-b-γεωπονιας-τροφιμων-και-περιβαλλοντος-plant-production","Κεφάλαιο 8 — Άρδευση της καλλιέργειας","heading-not-found-in-official-books",""
"Γ. Επίσημο βιβλίο υπάρχει - ενότητα μη επαληθευμένη","b","Δημιουργική Απασχόληση στην Προσχολική Ηλικία I","epal-b-health-health-8","Κεφ. 2 Σχεδιασμός και εφαρμογή της επίσκεψης σε Μουσεία.","heading-not-found-in-official-books",""
"Γ. Επίσημο βιβλίο υπάρχει - ενότητα μη επαληθευμένη","b","Διαπροσωπικές Σχέσεις","epal-b-health-health-4","Κεφάλαιο 3 — 3.1- 3.7","heading-not-found-in-official-books",""
"Γ. Επίσημο βιβλίο υπάρχει - ενότητα μη επαληθευμένη","b","Διαπροσωπικές Σχέσεις","epal-b-health-health-4","Κεφάλαιο 5 — 5.1- 5.2","heading-not-found-in-official-books",""
"Γ. Επίσημο βιβλίο υπάρχει - ενότητα μη επαληθευμένη","b","Διαπροσωπικές Σχέσεις","epal-b-health-health-4","Κεφάλαιο 6 — 6.1- 6.6","heading-not-found-in-official-books",""
"Γ. Επίσημο βιβλίο υπάρχει - ενότητα μη επαληθευμένη","b","Δομικών Έργων, Δομημένου Περιβάλλοντος και Αρχιτεκτονικού Σχεδιασμού · Σχέδιο Δομικών Έργων με χρήση Η/Υ Ι","epal-b-δομικων-εργων-δομημενου-περιβαλλοντος-και-αρχιτεκτονικου-σχεδιασμου-b-δομικων-εργων-δομημενου-περιβαλλοντος-και-αρχιτεκτονικου-σχεδιασμου-cad-struct","Ενότητα 1","heading-not-found-in-official-books",""
"Γ. Επίσημο βιβλίο υπάρχει - ενότητα μη επαληθευμένη","b","Δομικών Έργων, Δομημένου Περιβάλλοντος και Αρχιτεκτονικού Σχεδιασμού · Σχέδιο Δομικών Έργων με χρήση Η/Υ Ι","epal-b-δομικων-εργων-δομημενου-περιβαλλοντος-και-αρχιτεκτονικου-σχεδιασμου-b-δομικων-εργων-δομημενου-περιβαλλοντος-και-αρχιτεκτονικου-σχεδιασμου-cad-struct","Ενότητα 2","heading-not-found-in-official-books",""
"Γ. Επίσημο βιβλίο υπάρχει - ενότητα μη επαληθευμένη","b","Δομικών Έργων, Δομημένου Περιβάλλοντος και Αρχιτεκτονικού Σχεδιασμού · Σχέδιο Δομικών Έργων με χρήση Η/Υ Ι","epal-b-δομικων-εργων-δομημενου-περιβαλλοντος-και-αρχιτεκτονικου-σχεδιασμου-b-δομικων-εργων-δομημενου-περιβαλλοντος-και-αρχιτεκτονικου-σχεδιασμου-cad-struct","Ενότητα 3","heading-not-found-in-official-books",""
"Γ. Επίσημο βιβλίο υπάρχει - ενότητα μη επαληθευμένη","b","Δομικών Έργων, Δομημένου Περιβάλλοντος και Αρχιτεκτονικού Σχεδιασμού · Σχέδιο Δομικών Έργων με χρήση Η/Υ Ι","epal-b-δομικων-εργων-δομημενου-περιβαλλοντος-και-αρχιτεκτονικου-σχεδιασμου-b-δομικων-εργων-δομημενου-περιβαλλοντος-και-αρχιτεκτονικου-σχεδιασμου-cad-struct","Ενότητα 4","heading-not-found-in-official-books",""
"Γ. Επίσημο βιβλίο υπάρχει - ενότητα μη επαληθευμένη","b","Δομικών Έργων, Δομημένου Περιβάλλοντος και Αρχιτεκτονικού Σχεδιασμού · Σχέδιο Δομικών Έργων με χρήση Η/Υ Ι","epal-b-δομικων-εργων-δομημενου-περιβαλλοντος-και-αρχιτεκτονικου-σχεδιασμου-b-δομικων-εργων-δομημενου-περιβαλλοντος-και-αρχιτεκτονικου-σχεδιασμου-cad-struct","Ενότητα 5","heading-not-found-in-official-books",""
"Γ. Επίσημο βιβλίο υπάρχει - ενότητα μη επαληθευμένη","b","Δομικών Έργων, Δομημένου Περιβάλλοντος και Αρχιτεκτονικού Σχεδιασμού · Σχέδιο Δομικών Έργων με χρήση Η/Υ Ι","epal-b-δομικων-εργων-δομημενου-περιβαλλοντος-και-αρχιτεκτονικου-σχεδιασμου-b-δομικων-εργων-δομημενου-περιβαλλοντος-και-αρχιτεκτονικου-σχεδιασμου-cad-struct","Ενότητα 6","heading-not-found-in-official-books",""
"Γ. Επίσημο βιβλίο υπάρχει - ενότητα μη επαληθευμένη","b","Δομικών Έργων, Δομημένου Περιβάλλοντος και Αρχιτεκτονικού Σχεδιασμού · Σχέδιο Δομικών Έργων με χρήση Η/Υ Ι","epal-b-δομικων-εργων-δομημενου-περιβαλλοντος-και-αρχιτεκτονικου-σχεδιασμου-b-δομικων-εργων-δομημενου-περιβαλλοντος-και-αρχιτεκτονικου-σχεδιασμου-cad-struct","Ενότητα 1- Τρισδιάστατη Σχεδίαση","heading-not-found-in-official-books",""
"Γ. Επίσημο βιβλίο υπάρχει - ενότητα μη επαληθευμένη","b","Δομικών Έργων, Δομημένου Περιβάλλοντος και Αρχιτεκτονικού Σχεδιασμού · Σχέδιο Δομικών Έργων με χρήση Η/Υ Ι","epal-b-δομικων-εργων-δομημενου-περιβαλλοντος-και-αρχιτεκτονικου-σχεδιασμου-b-δομικων-εργων-δομημενου-περιβαλλοντος-και-αρχιτεκτονικου-σχεδιασμου-cad-struct","Ενότητα 2 - Φωτοχρωματισμός","heading-not-found-in-official-books",""
"Γ. Επίσημο βιβλίο υπάρχει - ενότητα μη επαληθευμένη","b","Δομικών Έργων, Δομημένου Περιβάλλοντος και Αρχιτεκτονικού Σχεδιασμού · Τοπογραφικό Σχέδιο – Ψηφιακή Χαρτογραφία","epal-b-δομικων-εργων-δομημενου-περιβαλλοντος-και-αρχιτεκτονικου-σχεδιασμου-b-δομικων-εργων-δομημενου-περιβαλλοντος-και-αρχιτεκτονικου-σχεδιασμου-survey-dig","Κεφάλαιο 2:","heading-not-found-in-official-books",""
"Γ. Επίσημο βιβλίο υπάρχει - ενότητα μη επαληθευμένη","b","Δομικών Έργων, Δομημένου Περιβάλλοντος και Αρχιτεκτονικού Σχεδιασμού · Τοπογραφικό Σχέδιο – Ψηφιακή Χαρτογραφία","epal-b-δομικων-εργων-δομημενου-περιβαλλοντος-και-αρχιτεκτονικου-σχεδιασμου-b-δομικων-εργων-δομημενου-περιβαλλοντος-και-αρχιτεκτονικου-σχεδιασμου-survey-dig","Κεφάλαιο 4","heading-not-found-in-official-books",""
"Γ. Επίσημο βιβλίο υπάρχει - ενότητα μη επαληθευμένη","b","Εισαγωγή στη Φυσικοθεραπεία Ι","epal-b-health-health-10","Κεφάλαιο 7 — 7.1, 7.2","heading-not-found-in-official-books",""
"Γ. Επίσημο βιβλίο υπάρχει - ενότητα μη επαληθευμένη","b","Εισαγωγή στη Φυσικοθεραπεία Ι","epal-b-health-health-10","Κεφάλαιο 4 — (η ενότητα 4.4 του κεφαλαίου να διδαχθεί","heading-not-found-in-official-books",""
"Γ. Επίσημο βιβλίο υπάρχει - ενότητα μη επαληθευμένη","b","Εισαγωγή στις Αρχές της Επιστήμης των Η/Υ","epal-b-computer-science","Ενότητα 2 — Θέματα Θεωρητικής Επιστήμης των Υπολογιστών","heading-not-found-in-official-books",""
"Γ. Επίσημο βιβλίο υπάρχει - ενότητα μη επαληθευμένη","b","Εισαγωγή στις Αρχές της Επιστήμης των Η/Υ","epal-b-computer-science","Κεφάλαιο 2.1 — Πρόβλημα","heading-not-found-in-official-books",""
"Γ. Επίσημο βιβλίο υπάρχει - ενότητα μη επαληθευμένη","b","Εισαγωγή στις Αρχές της Επιστήμης των Η/Υ","epal-b-computer-science","Κεφάλαιο 2.2 — Αλγόριθμοι","heading-not-found-in-official-books",""
"Γ. Επίσημο βιβλίο υπάρχει - ενότητα μη επαληθευμένη","b","Εισαγωγή στις Αρχές της Επιστήμης των Η/Υ","epal-b-computer-science","Κεφάλαιο 2.3 — Προγραμματισμός","heading-not-found-in-official-books",""
"Γ. Επίσημο βιβλίο υπάρχει - ενότητα μη επαληθευμένη","b","Εισαγωγή στις Αρχές της Επιστήμης των Η/Υ","epal-b-computer-science","Κεφάλαιο 3.1 — Λειτουργικά Συστήματα","heading-not-found-in-official-books",""
"Γ. Επίσημο βιβλίο υπάρχει - ενότητα μη επαληθευμένη","b","Εισαγωγή στις Αρχές της Επιστήμης των Η/Υ","epal-b-computer-science","Κεφάλαιο 3.2 — Πληροφοριακά Συστήματα","heading-not-found-in-official-books",""
"Γ. Επίσημο βιβλίο υπάρχει - ενότητα μη επαληθευμένη","b","Εισαγωγή στις Αρχές της Επιστήμης των Η/Υ","epal-b-computer-science","Κεφάλαιο 3.3 — Δίκτυα Υπολογιστών","heading-not-found-in-official-books",""
"Γ. Επίσημο βιβλίο υπάρχει - ενότητα μη επαληθευμένη","b","Εισαγωγή στις Αρχές της Επιστήμης των Η/Υ","epal-b-computer-science","Κεφάλαιο 3.4 — Τεχνητή Νοημοσύνη","heading-not-found-in-official-books",""
"Γ. Επίσημο βιβλίο υπάρχει - ενότητα μη επαληθευμένη","b","Εφαρμοσμένων Τεχνών · Γραμμικό Σχέδιο","epal-b-εφαρμοσμενων-τεχνων-b-εφαρμοσμενων-τεχνων-linear-drawing","Κεφάλαιο 1: Εισαγωγή","heading-not-found-in-official-books",""
"Γ. Επίσημο βιβλίο υπάρχει - ενότητα μη επαληθευμένη","b","Εφαρμοσμένων Τεχνών · Γραμμικό Σχέδιο","epal-b-εφαρμοσμενων-τεχνων-b-εφαρμοσμενων-τεχνων-linear-drawing","Κεφάλαιο 9: Προβολές.","heading-not-found-in-official-books",""
"Γ. Επίσημο βιβλίο υπάρχει - ενότητα μη επαληθευμένη","b","Εφαρμοσμένων Τεχνών · Ειδικό εργαστηριακό: Εισαγωγή στις Ξύλινες Κατασκευές","epal-b-εφαρμοσμενων-τεχνων-b-εφαρμοσμενων-τεχνων-wood","Κεφάλαιο 10: Τόρνος","heading-not-found-in-official-books",""
"Γ. Επίσημο βιβλίο υπάρχει - ενότητα μη επαληθευμένη","b","Εφαρμοσμένων Τεχνών · Ειδικό εργαστηριακό: Φωτογραφία και Ηλεκτρονική Επεξεργασία Εικόνας","epal-b-εφαρμοσμενων-τεχνων-b-εφαρμοσμενων-τεχνων-photo","Κεφάλαιο 6: Αισθητική","heading-not-found-in-official-books",""
"Γ. Επίσημο βιβλίο υπάρχει - ενότητα μη επαληθευμένη","b","Εφαρμοσμένων Τεχνών · Ελεύθερο Σχέδιο","epal-b-εφαρμοσμενων-τεχνων-b-εφαρμοσμενων-τεχνων-freehand-drawing","Κεφ. 7 Αυτοσκιά και ερριμένη σκιά","heading-not-found-in-official-books",""
"Γ. Επίσημο βιβλίο υπάρχει - ενότητα μη επαληθευμένη","b","Εφαρμοσμένων Τεχνών · Ελεύθερο Σχέδιο","epal-b-εφαρμοσμενων-τεχνων-b-εφαρμοσμενων-τεχνων-freehand-drawing","Κεφ. 10 Μετατροπή τονικής εικόνας σε Προβολή / παρουσίαση τονικών και γραμμικών εικόνων","heading-not-found-in-official-books",""
"Γ. Επίσημο βιβλίο υπάρχει - ενότητα μη επαληθευμένη","b","Εφαρμοσμένων Τεχνών · Ελεύθερο Σχέδιο","epal-b-εφαρμοσμενων-τεχνων-b-εφαρμοσμενων-τεχνων-freehand-drawing","Κεφάλαιο 6: Βασικό γυναικείο σκίτσο","heading-not-found-in-official-books",""
"Γ. Επίσημο βιβλίο υπάρχει - ενότητα μη επαληθευμένη","b","Εφαρμοσμένων Τεχνών · Ελεύθερο Σχέδιο","epal-b-εφαρμοσμενων-τεχνων-b-εφαρμοσμενων-τεχνων-freehand-drawing","Κεφάλαιο 10: Ένδυση φιγούρας","heading-not-found-in-official-books",""
"Γ. Επίσημο βιβλίο υπάρχει - ενότητα μη επαληθευμένη","b","Εφαρμοσμένων Τεχνών · Εφαρμοσμένες Τέχνες με χρήση Η/Υ","epal-b-εφαρμοσμενων-τεχνων-b-εφαρμοσμενων-τεχνων-computer-applied-arts","Κεφ. 1: Λίγα λόγια για το CAD","heading-not-found-in-official-books",""
"Γ. Επίσημο βιβλίο υπάρχει - ενότητα μη επαληθευμένη","b","Εφαρμοσμένων Τεχνών · Εφαρμοσμένες Τέχνες με χρήση Η/Υ","epal-b-εφαρμοσμενων-τεχνων-b-εφαρμοσμενων-τεχνων-computer-applied-arts","Κεφ. 2: Η σύγχρονη εποχή και οι νέοι τρόποι Να διδαχθεί το κεφάλαιο συνοπτικά","heading-not-found-in-official-books",""
"Γ. Επίσημο βιβλίο υπάρχει - ενότητα μη επαληθευμένη","b","Εφαρμοσμένων Τεχνών · Εφαρμοσμένες Τέχνες με χρήση Η/Υ","epal-b-εφαρμοσμενων-τεχνων-b-εφαρμοσμενων-τεχνων-computer-applied-arts","Κεφ. 4: Αρχές Σχεδίασης με Η/Υ","heading-not-found-in-official-books",""
"Γ. Επίσημο βιβλίο υπάρχει - ενότητα μη επαληθευμένη","b","Εφαρμοσμένων Τεχνών · Εφαρμοσμένες Τέχνες με χρήση Η/Υ","epal-b-εφαρμοσμενων-τεχνων-b-εφαρμοσμενων-τεχνων-computer-applied-arts","Κεφ. 5: Προκαταρκτικές γνώσεις","heading-not-found-in-official-books",""
"Γ. Επίσημο βιβλίο υπάρχει - ενότητα μη επαληθευμένη","b","Εφαρμοσμένων Τεχνών · Εφαρμοσμένες Τέχνες με χρήση Η/Υ","epal-b-εφαρμοσμενων-τεχνων-b-εφαρμοσμενων-τεχνων-computer-applied-arts","Κεφ. 8: «Διαφανή φύλλα» σχεδίασης","heading-not-found-in-official-books",""
"Γ. Επίσημο βιβλίο υπάρχει - ενότητα μη επαληθευμένη","b","Εφαρμοσμένων Τεχνών · Εφαρμοσμένες Τέχνες με χρήση Η/Υ","epal-b-εφαρμοσμενων-τεχνων-b-εφαρμοσμενων-τεχνων-computer-applied-arts","Κεφ. 9: Επεξεργασία σχεδίων CAD","heading-not-found-in-official-books",""
"Γ. Επίσημο βιβλίο υπάρχει - ενότητα μη επαληθευμένη","b","Εφαρμοσμένων Τεχνών · Εφαρμοσμένες Τέχνες με χρήση Η/Υ","epal-b-εφαρμοσμενων-τεχνων-b-εφαρμοσμενων-τεχνων-computer-applied-arts","Κεφ. 10: Σχεδίαση απλής κάτοψης λουτρού","heading-not-found-in-official-books",""
"Γ. Επίσημο βιβλίο υπάρχει - ενότητα μη επαληθευμένη","b","Εφαρμοσμένων Τεχνών · Εφαρμοσμένες Τέχνες με χρήση Η/Υ","epal-b-εφαρμοσμενων-τεχνων-b-εφαρμοσμενων-τεχνων-computer-applied-arts","Κεφ.11: Αυτοματοποιώντας «δύσκολες»","heading-not-found-in-official-books",""
"Γ. Επίσημο βιβλίο υπάρχει - ενότητα μη επαληθευμένη","b","Εφαρμοσμένων Τεχνών · Ιστορία της Τέχνης","epal-b-εφαρμοσμενων-τεχνων-b-εφαρμοσμενων-τεχνων-art-history","Κεφ. 5: Κλασική και Ελληνιστική τέχνη Προβολή/παρουσίαση εικόνων από τον αρχαίο ελληνικό","heading-not-found-in-official-books",""
"Γ. Επίσημο βιβλίο υπάρχει - ενότητα μη επαληθευμένη","b","Εφαρμοσμένων Τεχνών · Ιστορία της Τέχνης","epal-b-εφαρμοσμενων-τεχνων-b-εφαρμοσμενων-τεχνων-art-history","Κεφ. 8: Η χριστιανική τέχνη το Μεσαίωνα Προβολή/παρουσίαση εικόνων από την Τέχνη στο","heading-not-found-in-official-books",""
"Γ. Επίσημο βιβλίο υπάρχει - ενότητα μη επαληθευμένη","b","Ηλεκτρολογίας, Ηλεκτρονικής και Αυτοματισμού · Εσωτερικές Ηλεκτρικές Εγκαταστάσεις και Ηλεκτρολογικό Σχέδιο","epal-b-ηλεκτρολογιας-ηλεκτρονικης-και-αυτοματισμου-b-ηλεκτρολογιας-ηλεκτρονικης-και-αυτοματισμου-internal-installations","Κεφάλαιο 10. Κατασκευή Ε.Η.Ε. με τρία φωτιστικά σημεία αλερετούρ","heading-not-found-in-official-books",""
"Γ. Επίσημο βιβλίο υπάρχει - ενότητα μη επαληθευμένη","b","Θρησκευτικά","epal-b-religion","Θ.Ε.4 — Τα κυριότερα θρησκεύματα (εκτός σελ. 119, 134–135)","heading-not-found-in-official-books",""
"Γ. Επίσημο βιβλίο υπάρχει - ενότητα μη επαληθευμένη","b","Μηχανολογίας · Βασική Ηλεκτρολογία και Εφαρμογές","epal-b-μηχανολογιας-b-μηχανολογιας-basic-electrical","Κεφάλαιο 9 του βιβλίου (α) θα διδαχθούν οι ενότητες που αναφέρονται στο αντίστοιχο μέρος του Αναλυτικού","heading-not-found-in-official-books",""
"Γ. Επίσημο βιβλίο υπάρχει - ενότητα μη επαληθευμένη","b","Μηχανολογίας · Βασική Ηλεκτρολογία και Εφαρμογές","epal-b-μηχανολογιας-b-μηχανολογιας-basic-electrical","Κεφάλαιο 7 — ΕΞΑΡΤΗΜΑΤΑ ΗΛΕΚΤΡΙΚΩΝ ΚΥΚΛΩΜΑΤΩΝ","heading-not-found-in-official-books",""
"Γ. Επίσημο βιβλίο υπάρχει - ενότητα μη επαληθευμένη","b","Μηχανολογίας · Βασική Ηλεκτρολογία και Εφαρμογές","epal-b-μηχανολογιας-b-μηχανολογιας-basic-electrical","Κεφάλαιο 10 — ΣΥΣΣΩΡΕΥΤΕΣ","heading-not-found-in-official-books",""
"Γ. Επίσημο βιβλίο υπάρχει - ενότητα μη επαληθευμένη","b","Μηχανολογίας · Βασική Ηλεκτρολογία και Εφαρμογές","epal-b-μηχανολογιας-b-μηχανολογιας-basic-electrical","Κεφάλαιο 11 — ΣΥΣΤΗΜΑ ΕΚΚΙΝΗΣΗΣ","heading-not-found-in-official-books",""
"Γ. Επίσημο βιβλίο υπάρχει - ενότητα μη επαληθευμένη","b","Μηχανολογίας · Βασική Ηλεκτρολογία και Εφαρμογές","epal-b-μηχανολογιας-b-μηχανολογιας-basic-electrical","ΚΕΦΑΛΑΙΟ 11 Από το βιβλίο","heading-not-found-in-official-books",""
"Γ. Επίσημο βιβλίο υπάρχει - ενότητα μη επαληθευμένη","b","Μηχανολογίας · Βασική Ηλεκτρολογία και Εφαρμογές","epal-b-μηχανολογιας-b-μηχανολογιας-basic-electrical","Κεφάλαιο 12 — ΕΓΚΑΤΑΣΤΑΣΗ ΑΝΑΦΛΕΞΗΣ","heading-not-found-in-official-books",""
"Γ. Επίσημο βιβλίο υπάρχει - ενότητα μη επαληθευμένη","b","Μηχανολογίας · Βασική Ηλεκτρολογία και Εφαρμογές","epal-b-μηχανολογιας-b-μηχανολογιας-basic-electrical","Κεφάλαιο 13 — ΣΤΟΙΧΕΙΑ ΗΛΕΚΤΡΟΝΙΚΗΣ","heading-not-found-in-official-books",""
"Γ. Επίσημο βιβλίο υπάρχει - ενότητα μη επαληθευμένη","b","Μηχανολογίας · Βασική Ηλεκτρολογία και Εφαρμογές","epal-b-μηχανολογιας-b-μηχανολογιας-basic-electrical","Κεφάλαιο 14 — ΚΥΚΛΩΜΑΤΑ ΜΕ ΤΡΑΝΖΙΣΤΟΡ","heading-not-found-in-official-books",""
"Γ. Επίσημο βιβλίο υπάρχει - ενότητα μη επαληθευμένη","b","Μηχανολογίας · Στοιχεία Τεχνικής Θερμοδυναμικής - Εφαρμογές","epal-b-μηχανολογιας-b-μηχανολογιας-thermodynamics","ΚΕΦΑΛΑΙΟ 16 – ΥΔΡΟΔΥΝΑΜΙΚΗ","heading-not-found-in-official-books",""
"Γ. Επίσημο βιβλίο υπάρχει - ενότητα μη επαληθευμένη","b","Μηχανολογίας · Στοιχεία Τεχνικής Θερμοδυναμικής - Εφαρμογές","epal-b-μηχανολογιας-b-μηχανολογιας-thermodynamics","Κεφάλαιο 1 — (Μετρήσεις θερμοκρασίας και πίεσης σε εξαρτήματα ή στην είσοδο και έξοδο κυκλωμάτων ροής","heading-not-found-in-official-books",""
"Γ. Επίσημο βιβλίο υπάρχει - ενότητα μη επαληθευμένη","b","Μηχανολογίας · Στοιχεία Τεχνικής Θερμοδυναμικής - Εφαρμογές","epal-b-μηχανολογιας-b-μηχανολογιας-thermodynamics","Κεφάλαιο 6 — τους παράγοντες που τα καθορίζουν.","heading-not-found-in-official-books",""
"Γ. Επίσημο βιβλίο υπάρχει - ενότητα μη επαληθευμένη","b","Μηχανολογίας · Στοιχεία Τεχνικής Θερμοδυναμικής - Εφαρμογές","epal-b-μηχανολογιας-b-μηχανολογιας-thermodynamics","Κεφάλαιο 7 — (Μηχανές εσωτερικής καύσης, κινητήρες αεροσκαφών, καυστήρας – λέβητας κεντρικής","heading-not-found-in-official-books",""
"Γ. Επίσημο βιβλίο υπάρχει - ενότητα μη επαληθευμένη","b","Ναυτιλιακών Επαγγελμάτων · Ναυσιπλοΐα Ι – Ναυτική Μετεωρολογία","epal-b-ναυτιλιακων-επαγγελματων-b-ναυτιλιακων-επαγγελματων-navigation-weather","Ναυτιλία — Κεφάλαιο 1: Βασικές γνώσεις - Βασικοί ορισμοί","heading-not-found-in-official-books",""
"Γ. Επίσημο βιβλίο υπάρχει - ενότητα μη επαληθευμένη","b","Ναυτιλιακών Επαγγελμάτων · Ναυσιπλοΐα Ι – Ναυτική Μετεωρολογία","epal-b-ναυτιλιακων-επαγγελματων-b-ναυτιλιακων-επαγγελματων-navigation-weather","Ναυτιλία — Κεφάλαιο 2: Ναυτιλιακές εκδόσεις - Γεωδαισία","heading-not-found-in-official-books",""
"Γ. Επίσημο βιβλίο υπάρχει - ενότητα μη επαληθευμένη","b","Ναυτιλιακών Επαγγελμάτων · Ναυσιπλοΐα Ι – Ναυτική Μετεωρολογία","epal-b-ναυτιλιακων-επαγγελματων-b-ναυτιλιακων-επαγγελματων-navigation-weather","Ναυτιλία — Κεφάλαιο 3: Ναυτική Σήμανση","heading-not-found-in-official-books",""
"Γ. Επίσημο βιβλίο υπάρχει - ενότητα μη επαληθευμένη","b","Ναυτιλιακών Επαγγελμάτων · Ναυσιπλοΐα Ι – Ναυτική Μετεωρολογία","epal-b-ναυτιλιακων-επαγγελματων-b-ναυτιλιακων-επαγγελματων-navigation-weather","Ναυτιλία — Κεφάλαιο 4: Ναυτικά Όργανα","heading-not-found-in-official-books",""
"Γ. Επίσημο βιβλίο υπάρχει - ενότητα μη επαληθευμένη","b","Ναυτιλιακών Επαγγελμάτων · Ναυσιπλοΐα Ι – Ναυτική Μετεωρολογία","epal-b-ναυτιλιακων-επαγγελματων-b-ναυτιλιακων-επαγγελματων-navigation-weather","Ναυτιλία — Κεφάλαιο 5: Αναμέτρηση","heading-not-found-in-official-books",""
"Γ. Επίσημο βιβλίο υπάρχει - ενότητα μη επαληθευμένη","b","Ναυτιλιακών Επαγγελμάτων · Ναυσιπλοΐα Ι – Ναυτική Μετεωρολογία","epal-b-ναυτιλιακων-επαγγελματων-b-ναυτιλιακων-επαγγελματων-navigation-weather","Ναυτιλία — Κεφάλαιο 6: Ακτοπλοΐα","heading-not-found-in-official-books",""
"Γ. Επίσημο βιβλίο υπάρχει - ενότητα μη επαληθευμένη","b","Ναυτιλιακών Επαγγελμάτων · Ναυσιπλοΐα Ι – Ναυτική Μετεωρολογία","epal-b-ναυτιλιακων-επαγγελματων-b-ναυτιλιακων-επαγγελματων-navigation-weather","Ναυτική Μετεωρολογία — Άνεμος και Γενική Κυκλοφορία της Ατμόσφαιρας","heading-not-found-in-official-books",""
"Γ. Επίσημο βιβλίο υπάρχει - ενότητα μη επαληθευμένη","b","Νοσηλευτική Ι","epal-b-health-health-7","Κεφάλαιο 1 — 1.α, 1.β.","heading-not-found-in-official-books",""
"Γ. Επίσημο βιβλίο υπάρχει - ενότητα μη επαληθευμένη","b","Νοσηλευτική Ι","epal-b-health-health-7","Κεφάλαιο 2 — 2.α, 2.β, 2γ, 2.δ, 2.ε.","heading-not-found-in-official-books",""
"Γ. Επίσημο βιβλίο υπάρχει - ενότητα μη επαληθευμένη","b","Χημεία","epal-b-chemistry","Χημεία Α΄ Λυκείου, Κεφάλαιο 4 — Στοιχειομετρία · §4.1–4.3 · §4.4 (με τις ρητές εξαιρέσεις)","heading-not-found-in-official-books",""
"Γ. Επίσημο βιβλίο υπάρχει - ενότητα μη επαληθευμένη","b","Χημεία","epal-b-chemistry","Χημεία Β΄ Λυκείου, Κεφάλαιο 2 — Πετρέλαιο, υδρογονάνθρακες · §2.1–2.2 · §2.3 Αλκάνια (εκτός «Παρασκευές», «Υποκατάσταση») · §2.4 Καυσαέρια","heading-not-found-in-official-books",""
"Γ. Επίσημο βιβλίο υπάρχει - ενότητα μη επαληθευμένη","c","Αγωγή Βρέφους & Νηπίου","epal-c-health-childcare-health-childcare-4","Κεφάλαιο 7 — ΤΟΜΕΙΣ ΑΓΩΓΗΣ ΣΤΗΝ ΠΡΟΣΧΟΛΙΚΗ ΕΚΠΑΙΔΕΥΣΗ","heading-not-found-in-official-books",""
"Γ. Επίσημο βιβλίο υπάρχει - ενότητα μη επαληθευμένη","c","Ακίνητη Προσθετική","epal-c-health-dental-health-dental-5","Κεφάλαιο 1: Ακίνητες οδοντικές προσθέσεις","heading-not-found-in-official-books",""
"Γ. Επίσημο βιβλίο υπάρχει - ενότητα μη επαληθευμένη","c","Ακίνητη Προσθετική","epal-c-health-dental-health-dental-5","Κεφάλαιο 2: Το εκμαγείο","heading-not-found-in-official-books",""
"Γ. Επίσημο βιβλίο υπάρχει - ενότητα μη επαληθευμένη","c","Ακίνητη Προσθετική","epal-c-health-dental-health-dental-5","Κεφάλαιο 5: Οι αγωγοί χύτευσης","heading-not-found-in-official-books",""
"Γ. Επίσημο βιβλίο υπάρχει - ενότητα μη επαληθευμένη","c","Ακίνητη Προσθετική","epal-c-health-dental-health-dental-5","Κεφάλαιο 8: Η τήξη και χύτευση","heading-not-found-in-official-books",""
"Γ. Επίσημο βιβλίο υπάρχει - ενότητα μη επαληθευμένη","c","Ακίνητη Προσθετική","epal-c-health-dental-health-dental-5","Κεφάλαιο 9: Η επεξεργασία του χυτού","heading-not-found-in-official-books",""
"Γ. Επίσημο βιβλίο υπάρχει - ενότητα μη επαληθευμένη","c","Ακίνητη Προσθετική","epal-c-health-dental-health-dental-5","Κεφάλαιο 10: Οι γέφυρες","heading-not-found-in-official-books",""
"Γ. Επίσημο βιβλίο υπάρχει - ενότητα μη επαληθευμένη","c","Ακίνητη Προσθετική","epal-c-health-dental-health-dental-5","Κεφάλαιο 11: Η συγκόλληση","heading-not-found-in-official-books",""
"Γ. Επίσημο βιβλίο υπάρχει - ενότητα μη επαληθευμένη","c","Ακίνητη Προσθετική","epal-c-health-dental-health-dental-5","Κεφάλαιο 12: Οι ρητίνες","heading-not-found-in-official-books",""
"Γ. Επίσημο βιβλίο υπάρχει - ενότητα μη επαληθευμένη","c","Ανοσολογία","epal-c-health-labs-health-labs-6","Κεφ. 5ο","heading-not-found-in-official-books",""
"Γ. Επίσημο βιβλίο υπάρχει - ενότητα μη επαληθευμένη","c","Αντίγραφο Έργων Τέχνης","epal-c-arts-conservation-arts-conservation-5","Κεφάλαιο 4: Αντίγραφο τοιχογραφία","heading-not-found-in-official-books",""
"Γ. Επίσημο βιβλίο υπάρχει - ενότητα μη επαληθευμένη","c","Γραμμικό Σχέδιο","epal-c-arts-wood-arts-wood-6","Κεφάλαιο 1: Εισαγωγή","heading-not-found-in-official-books",""
"Γ. Επίσημο βιβλίο υπάρχει - ενότητα μη επαληθευμένη","c","Γραμμικό Σχέδιο","epal-c-arts-wood-arts-wood-6","Κεφάλαιο 9: Προβολές.","heading-not-found-in-official-books",""
"Γ. Επίσημο βιβλίο υπάρχει - ενότητα μη επαληθευμένη","c","Γραφιστικές Εφαρμογές","epal-c-arts-graphics-arts-graphics-4","Κεφάλαιο 2ο: Η Διαδικασία Σχεδιασμού.","heading-not-found-in-official-books",""
"Γ. Επίσημο βιβλίο υπάρχει - ενότητα μη επαληθευμένη","c","Γραφιστικές Εφαρμογές","epal-c-arts-graphics-arts-graphics-4","Κεφάλαιο 15ο: Διαφημιστική καταχώρηση. Συλλογή έντυπων και ψηφιακών δειγμάτων διαφημιστικών","heading-not-found-in-official-books",""
"Γ. Επίσημο βιβλίο υπάρχει - ενότητα μη επαληθευμένη","c","Δεοντολογία Επαγγέλματος","epal-c-health-radiology-health-radiology-7","Κεφάλαιο 1 — ΠΕΡΙΓΡΑΦΗ ΕΙΔΙΚΟΤΗΤΑΣ","heading-not-found-in-official-books",""
"Γ. Επίσημο βιβλίο υπάρχει - ενότητα μη επαληθευμένη","c","Δεοντολογία Επαγγέλματος","epal-c-health-radiology-health-radiology-7","Κεφάλαιο 2 — ΚΑΘΗΚΟΝΤΑ -ΥΠΟΧΡΕΩΣΕΙΣ","heading-not-found-in-official-books",""
"Γ. Επίσημο βιβλίο υπάρχει - ενότητα μη επαληθευμένη","c","Δεοντολογία Επαγγέλματος","epal-c-health-radiology-health-radiology-7","Κεφάλαιο 6 — ΕΠΑΓΓΕΛΜΑΤΙΚΗ ΣΥΜΠΕΡΙΦΟΡΑ-ΕΡΓΑΣΙΑΚΕΣ ΣΧΕΣΕΙΣ","heading-not-found-in-official-books",""
"Γ. Επίσημο βιβλίο υπάρχει - ενότητα μη επαληθευμένη","c","Δημιουργική Απασχόληση στην Προσχολική Ηλικία ΙΙ","epal-c-health-childcare-health-childcare-6","Κεφάλαιο 13 — ΚΟΥΚΛΟΘΕΑΤΡΟ","heading-not-found-in-official-books",""
"Γ. Επίσημο βιβλίο υπάρχει - ενότητα μη επαληθευμένη","c","Δημιουργική Απασχόληση στην Προσχολική Ηλικία ΙΙ","epal-c-health-childcare-health-childcare-6","Κεφάλαιο 3 — ΔΡΑΜΑΤΟΠΟΙΗΣΗ","heading-not-found-in-official-books",""
"Γ. Επίσημο βιβλίο υπάρχει - ενότητα μη επαληθευμένη","c","Δημιουργική Απασχόληση στην Προσχολική Ηλικία ΙΙ","epal-c-health-childcare-health-childcare-6","Κεφάλαιο 2 — Η ΕΠΙΣΚΕΨΗ ΣΤΟ ΜΟΥΣΕΙΟ","heading-not-found-in-official-books",""
"Γ. Επίσημο βιβλίο υπάρχει - ενότητα μη επαληθευμένη","c","Διακοσμητική Σύνθεση – Τρισδιάστατη Μακέτα","epal-c-arts-interior-arts-interior-6","Κεφάλαιο 1ο: Εισαγωγή","heading-not-found-in-official-books",""
"Γ. Επίσημο βιβλίο υπάρχει - ενότητα μη επαληθευμένη","c","Διακοσμητική Σύνθεση – Τρισδιάστατη Μακέτα","epal-c-arts-interior-arts-interior-6","Κεφάλαιο 4ο: Μακέτα","heading-not-found-in-official-books",""
"Γ. Επίσημο βιβλίο υπάρχει - ενότητα μη επαληθευμένη","c","Εισαγωγή στις Αρχές της Επιστήμης των Η/Υ","epal-c-computer-science","Κεφάλαιο 1 — επίσημες σημειώσεις «Εισαγωγή στις Αρχές της Επιστήμης των Η/Υ»","heading-not-found-in-official-books",""
"Γ. Επίσημο βιβλίο υπάρχει - ενότητα μη επαληθευμένη","c","Εισαγωγή στις Αρχές της Επιστήμης των Η/Υ","epal-c-computer-science","Κεφάλαιο 2 — επίσημες σημειώσεις «Εισαγωγή στις Αρχές της Επιστήμης των Η/Υ»","heading-not-found-in-official-books",""
"Γ. Επίσημο βιβλίο υπάρχει - ενότητα μη επαληθευμένη","c","Εισαγωγή στις Αρχές της Επιστήμης των Η/Υ","epal-c-computer-science","Κεφάλαιο 3 — επίσημες σημειώσεις «Εισαγωγή στις Αρχές της Επιστήμης των Η/Υ»","heading-not-found-in-official-books",""
"Γ. Επίσημο βιβλίο υπάρχει - ενότητα μη επαληθευμένη","c","Ελεύθερο Σχέδιο","epal-c-arts-wood-arts-wood-7","Κεφ. 2 Σχήματα θετικά και αρνητικά – Μέσω σχεδιαστικών ασκήσεων να δοθεί έμφαση στα","heading-not-found-in-official-books",""
"Γ. Επίσημο βιβλίο υπάρχει - ενότητα μη επαληθευμένη","c","Ελεύθερο Σχέδιο","epal-c-arts-wood-arts-wood-7","Κεφ. 3 Σύγκριση των τόνων και αναλογική Προτείνεται η σχεδίαση ολοκληρωμένης σύνθεσης","heading-not-found-in-official-books",""
"Γ. Επίσημο βιβλίο υπάρχει - ενότητα μη επαληθευμένη","c","Ελεύθερο Σχέδιο","epal-c-arts-wood-arts-wood-7","Κεφ. 7 Αυτοσκιά και ερριμένη σκιά","heading-not-found-in-official-books",""
"Γ. Επίσημο βιβλίο υπάρχει - ενότητα μη επαληθευμένη","c","Ελεύθερο Σχέδιο","epal-c-arts-wood-arts-wood-7","Κεφ. 8 Απόλυτος και φαινόμενος τόνος – αντικειμένων διαφορετικών υλικών και σχημάτων, με έντονο","heading-not-found-in-official-books",""
"Γ. Επίσημο βιβλίο υπάρχει - ενότητα μη επαληθευμένη","c","Ελεύθερο Σχέδιο","epal-c-arts-wood-arts-wood-7","Κεφ. 10 Μετατροπή τονικής εικόνας σε Προβολή / παρουσίαση τονικών και γραμμικών εικόνων","heading-not-found-in-official-books",""
"Γ. Επίσημο βιβλίο υπάρχει - ενότητα μη επαληθευμένη","c","Ελεύθερο Σχέδιο","epal-c-arts-wood-arts-wood-7","Κεφ. 11 Αναπαραγωγή δισδιάστατης χρήση κάναβου","heading-not-found-in-official-books",""
"Γ. Επίσημο βιβλίο υπάρχει - ενότητα μη επαληθευμένη","c","Ελεύθερο Σχέδιο","epal-c-arts-wood-arts-wood-7","Κεφάλαιο 2: Αναλογίες Σώματος","heading-not-found-in-official-books",""
"Γ. Επίσημο βιβλίο υπάρχει - ενότητα μη επαληθευμένη","c","Ελεύθερο Σχέδιο","epal-c-arts-wood-arts-wood-7","Κεφάλαιο 3: Κεφάλι","heading-not-found-in-official-books",""
"Γ. Επίσημο βιβλίο υπάρχει - ενότητα μη επαληθευμένη","c","Ελεύθερο Σχέδιο","epal-c-arts-wood-arts-wood-7","Κεφάλαιο 4: Γραμμές ισορροπίας","heading-not-found-in-official-books",""
"Γ. Επίσημο βιβλίο υπάρχει - ενότητα μη επαληθευμένη","c","Ελεύθερο Σχέδιο","epal-c-arts-wood-arts-wood-7","Κεφάλαιο 5: Βασικό γυναικείο σκίτσο","heading-not-found-in-official-books",""
"Γ. Επίσημο βιβλίο υπάρχει - ενότητα μη επαληθευμένη","c","Ελεύθερο Σχέδιο","epal-c-arts-wood-arts-wood-7","Κεφάλαιο 6: Βασικό γυναικείο σκίτσο","heading-not-found-in-official-books",""
"Γ. Επίσημο βιβλίο υπάρχει - ενότητα μη επαληθευμένη","c","Ελεύθερο Σχέδιο","epal-c-arts-wood-arts-wood-7","Κεφάλαιο 7: Βασικό ανδρικό σκίτσο","heading-not-found-in-official-books",""
"Γ. Επίσημο βιβλίο υπάρχει - ενότητα μη επαληθευμένη","c","Ελεύθερο Σχέδιο","epal-c-arts-wood-arts-wood-7","Κεφάλαιο 8: Βασικό παιδικό σκίτσο","heading-not-found-in-official-books",""
"Γ. Επίσημο βιβλίο υπάρχει - ενότητα μη επαληθευμένη","c","Ελεύθερο Σχέδιο","epal-c-arts-wood-arts-wood-7","Κεφάλαιο 10: Ένδυση φιγούρας","heading-not-found-in-official-books",""
"Γ. Επίσημο βιβλίο υπάρχει - ενότητα μη επαληθευμένη","c","Κοσμητολογία","epal-c-health-pharmacy-health-pharmacy-5","Κεφάλαιο 8ο: Διδάσκεται διεξοδικά και αναλυτικά όλο το κεφάλαιο.","heading-not-found-in-official-books",""
"Γ. Επίσημο βιβλίο υπάρχει - ενότητα μη επαληθευμένη","c","Κοσμητολογία","epal-c-health-pharmacy-health-pharmacy-5","Κεφάλαιο 9ο : Διδάσκεται το κεφάλαιο ως έχει από το βιβλίο.","heading-not-found-in-official-books",""
"Γ. Επίσημο βιβλίο υπάρχει - ενότητα μη επαληθευμένη","c","Κοσμητολογία","epal-c-health-pharmacy-health-pharmacy-5","Κεφάλαιο 11ο: Διδάσκεται αναλυτικά και προτείνεται να ακολουθεί χρονικά και κατά προτεραιότητα την","heading-not-found-in-official-books",""
"Γ. Επίσημο βιβλίο υπάρχει - ενότητα μη επαληθευμένη","c","Κοσμητολογία","epal-c-health-pharmacy-health-pharmacy-5","Κεφάλαιο 12ο: Διδάσκονται οι ενότητες 12.1, 12.2.1, 12.3,12.4 και πολύ συνοπτικά οι ενότητες 12.2.2.και 12.2.3","heading-not-found-in-official-books",""
"Γ. Επίσημο βιβλίο υπάρχει - ενότητα μη επαληθευμένη","c","Κοσμητολογία","epal-c-health-pharmacy-health-pharmacy-5","Κεφάλαιο 10ο: Διδάσκεται πολύ συνοπτικά. Μπορεί να χρησιμοποιηθεί για την διδασκαλία του και η","heading-not-found-in-official-books",""
"Γ. Επίσημο βιβλίο υπάρχει - ενότητα μη επαληθευμένη","c","Μάλαξη","epal-c-health-physio-health-physio-6","Κεφάλαιο 1 — ΕΙΣΑΓΩΓΗ ΣΤΗ ΜΑΛΑΞΗ","heading-not-found-in-official-books",""
"Γ. Επίσημο βιβλίο υπάρχει - ενότητα μη επαληθευμένη","c","Μάλαξη","epal-c-health-physio-health-physio-6","Κεφάλαιο 4 — ΤΕΧΝΙΚΗ ΤΗΣ ΜΑΛΑΞΗΣ","heading-not-found-in-official-books",""
"Γ. Επίσημο βιβλίο υπάρχει - ενότητα μη επαληθευμένη","c","Μάλαξη","epal-c-health-physio-health-physio-6","Κεφάλαιο 10 — ΠΛΗΞΕΙΣ","heading-not-found-in-official-books",""
"Γ. Επίσημο βιβλίο υπάρχει - ενότητα μη επαληθευμένη","c","Μικροβιολογία ΙΙ","epal-c-health-labs-health-labs-3","Κεφ 1ο","heading-not-found-in-official-books",""
"Γ. Επίσημο βιβλίο υπάρχει - ενότητα μη επαληθευμένη","c","Ναυτικές Μηχανές","epal-c-maritime-engineer-maritime-engineer-1","Τόμος Β΄ — Κεφάλαιο 12: Ισχύς, απόδοση και διαγράμματα","heading-not-found-in-official-books",""
"Γ. Επίσημο βιβλίο υπάρχει - ενότητα μη επαληθευμένη","c","Νοσηλευτική II","epal-c-health-nursing-health-nursing-3","Κεφάλαιο 1 — Ω.Ρ.Λ. Νοσηλευτική","heading-not-found-in-official-books",""
"Γ. Επίσημο βιβλίο υπάρχει - ενότητα μη επαληθευμένη","c","Νοσηλευτική II","epal-c-health-nursing-health-nursing-3","Κεφάλαιο 2 — 2.α, 2.β, 2γ, 2.δ, .ε.","heading-not-found-in-official-books",""
"Γ. Επίσημο βιβλίο υπάρχει - ενότητα μη επαληθευμένη","c","Νοσηλευτική II","epal-c-health-nursing-health-nursing-3","Κεφάλαιο 8 — Χορήγηση υποθέτου","heading-not-found-in-official-books",""
"Γ. Επίσημο βιβλίο υπάρχει - ενότητα μη επαληθευμένη","c","Νοσηλευτική II","epal-c-health-nursing-health-nursing-3","Κεφάλαιο 9 — Υποκλυσμός","heading-not-found-in-official-books",""
"Γ. Επίσημο βιβλίο υπάρχει - ενότητα μη επαληθευμένη","c","Νοσηλευτική II","epal-c-health-nursing-health-nursing-3","Κεφάλαιο 12 — Περιποίηση Κατακλίσεων","heading-not-found-in-official-books",""
"Γ. Επίσημο βιβλίο υπάρχει - ενότητα μη επαληθευμένη","c","Νοσηλευτική II","epal-c-health-nursing-health-nursing-3","Κεφάλαιο 14 — Πλύση Στομάχου","heading-not-found-in-official-books",""
"Γ. Επίσημο βιβλίο υπάρχει - ενότητα μη επαληθευμένη","c","Νοσηλευτική II","epal-c-health-nursing-health-nursing-3","Κεφάλαιο 15 — 15.α, 15.β, 15.γ, 15.δ, 15.ε.","heading-not-found-in-official-books",""
"Γ. Επίσημο βιβλίο υπάρχει - ενότητα μη επαληθευμένη","c","Νοσηλευτική II","epal-c-health-nursing-health-nursing-3","Κεφάλαιο 16 — 16.α, 16.β, 18.γ, 16.δ, 16.ε, 16.στ.","heading-not-found-in-official-books",""
"Γ. Επίσημο βιβλίο υπάρχει - ενότητα μη επαληθευμένη","c","Νοσηλευτική II","epal-c-health-nursing-health-nursing-3","Κεφάλαιο 20 — 20.α, 20.β, 20.γ, 20.δ, 20.ε.","heading-not-found-in-official-books",""
"Γ. Επίσημο βιβλίο υπάρχει - ενότητα μη επαληθευμένη","c","Νοσηλευτική II","epal-c-health-nursing-health-nursing-3","Κεφάλαιο 22 — νοσηλεία αρρώστου με προβλήματα του","heading-not-found-in-official-books",""
"Γ. Επίσημο βιβλίο υπάρχει - ενότητα μη επαληθευμένη","c","Νοσηλευτική II","epal-c-health-nursing-health-nursing-3","Κεφάλαιο 23 — Νοσοκομειακή Φροντίδα Νεκρού","heading-not-found-in-official-books",""
"Γ. Επίσημο βιβλίο υπάρχει - ενότητα μη επαληθευμένη","c","Νοσηλευτική II","epal-c-health-nursing-health-nursing-3","Κεφάλαιο 1 — ΩΡΛ-Νοσηλευτική","heading-not-found-in-official-books",""
"Γ. Επίσημο βιβλίο υπάρχει - ενότητα μη επαληθευμένη","c","Ξύλινες Κατασκευές","epal-c-arts-wood-arts-wood-3","Κεφάλαιο 11ο: Αυτόματο μορσοτρύπανο Παρουσίαση-επίδειξη-άσκηση των μαθητών/τριων σε αυτά. Σε","heading-not-found-in-official-books",""
"Γ. Επίσημο βιβλίο υπάρχει - ενότητα μη επαληθευμένη","c","Ξύλινες Κατασκευές","epal-c-arts-wood-arts-wood-3","Κεφάλαιο 14ο: Πρέσες - Λειαντικές","heading-not-found-in-official-books",""
"Γ. Επίσημο βιβλίο υπάρχει - ενότητα μη επαληθευμένη","c","Ξύλινες Κατασκευές","epal-c-arts-wood-arts-wood-3","Κεφάλαιο 15ο: Σύνθετα μηχανήματα","heading-not-found-in-official-books",""
"Γ. Επίσημο βιβλίο υπάρχει - ενότητα μη επαληθευμένη","c","Ξύλινες Κατασκευές","epal-c-arts-wood-arts-wood-3","Κεφάλαιο 16ο: Μορφοποιητές","heading-not-found-in-official-books",""
"Γ. Επίσημο βιβλίο υπάρχει - ενότητα μη επαληθευμένη","c","Ξύλινες Κατασκευές","epal-c-arts-wood-arts-wood-3","Κεφάλαιο 17ο: Τετραγωνικής μορφής –","heading-not-found-in-official-books",""
"Γ. Επίσημο βιβλίο υπάρχει - ενότητα μη επαληθευμένη","c","Οργάνωση – Εξοπλισμός- Υλικά Οδοντοτεχνικού Εργαστηρίου","epal-c-health-dental-health-dental-3","Κεφάλαιο 5 — ΠΡΟΧΩΜΑΤΑ","heading-not-found-in-official-books",""
"Γ. Επίσημο βιβλίο υπάρχει - ενότητα μη επαληθευμένη","c","Πρακτική Φυσικοθεραπεία","epal-c-health-physio-health-physio-5","Κεφάλαιο 1 — ΗΜΙΠΛΗΓΙΑ","heading-not-found-in-official-books",""
"Γ. Επίσημο βιβλίο υπάρχει - ενότητα μη επαληθευμένη","c","Πρακτική Φυσικοθεραπεία","epal-c-health-physio-health-physio-5","Κεφάλαιο 3 — ΡΕΥΜΑΤΟΕΙΔΗΣ ΑΡΘΡΙΤΙΔΑ","heading-not-found-in-official-books",""
"Γ. Επίσημο βιβλίο υπάρχει - ενότητα μη επαληθευμένη","c","Πρακτική Φυσικοθεραπεία","epal-c-health-physio-health-physio-5","Κεφάλαιο 8 — ΑΝΑΠΝΕΥΣΤΙΚΗ ΦΥΣΙΚΟΘΕΡΑΠΕΙΑ","heading-not-found-in-official-books",""
"Γ. Επίσημο βιβλίο υπάρχει - ενότητα μη επαληθευμένη","c","Στοιχεία Γενικής και Εξελικτικής Ψυχολογίας","epal-c-health-childcare-health-childcare-5","Κεφάλαιο 1 — Η ΨΥΧΟΛΟΓΙΑ ΣΗΜΕΡΑ","heading-not-found-in-official-books",""
"Γ. Επίσημο βιβλίο υπάρχει - ενότητα μη επαληθευμένη","c","Στοιχεία Μαιευτικής-Γυναικολογίας","epal-c-health-nursing-health-nursing-6","Κεφάλαιο 1 — ΣΤΟΙΧΕΙΑ ΜΑΙΕΥΤΙΚΗΣ ΦΥΣΙΟΛΟΓΙΑΣ","heading-not-found-in-official-books",""
"Γ. Επίσημο βιβλίο υπάρχει - ενότητα μη επαληθευμένη","c","Στοιχεία Μαιευτικής-Γυναικολογίας","epal-c-health-nursing-health-nursing-6","Κεφάλαιο 4 — ΛΟΧΕΙΑ","heading-not-found-in-official-books",""
"Γ. Επίσημο βιβλίο υπάρχει - ενότητα μη επαληθευμένη","c","Στοιχεία Μαιευτικής-Γυναικολογίας","epal-c-health-nursing-health-nursing-6","Κεφάλαιο 11 — ΚΑΚΟΗΘΕΙΕΣ ΝΕΟΠΛΑΣΙΕΣ ΤΩΝ ΓΕΝΝΗΤΙΚΩΝ ΟΡΓΑΝΩΝ","heading-not-found-in-official-books",""
"Γ. Επίσημο βιβλίο υπάρχει - ενότητα μη επαληθευμένη","c","Στοιχεία Μαιευτικής-Γυναικολογίας","epal-c-health-nursing-health-nursing-6","Κεφάλαιο 12 — ΕΦΗΒΕΙΑ","heading-not-found-in-official-books",""
"Γ. Επίσημο βιβλίο υπάρχει - ενότητα μη επαληθευμένη","c","Σύγχρονη Αισθητική ΙΙ","epal-c-health-aesthetics-health-aesthetics-5","Κεφάλαιο 5 — ΚΡΕΜΕΣ ΠΡΟΣΩΠΟΥ- ΣΩΜΑΤΟΣ","heading-not-found-in-official-books",""
"Γ. Επίσημο βιβλίο υπάρχει - ενότητα μη επαληθευμένη","c","Σύγχρονη Αισθητική ΙΙ","epal-c-health-aesthetics-health-aesthetics-5","Κεφάλαιο 12 — ΕΠΙΔΕΡΜΙΚΗ ΚΑΙ ΜΥΪΚΗ ΣΥΣΦΙΞΗ","heading-not-found-in-official-books",""
"Γ. Επίσημο βιβλίο υπάρχει - ενότητα μη επαληθευμένη","c","Σύγχρονη Αισθητική ΙΙ","epal-c-health-aesthetics-health-aesthetics-5","Κεφάλαιο 13 — ΑΔΥΝΑΤΙΣΜΑ (ΑΠΙΣΧΝΑΣΗ) - ΚΥΤΤΑΡΙΤΙΔΑ (ΛΙΠΟΔΥΣΤΡΟΦΙΑ)","heading-not-found-in-official-books",""
"Γ. Επίσημο βιβλίο υπάρχει - ενότητα μη επαληθευμένη","c","Συνταγολογία – Νομοθεσία – Βιβλία Φαρμακείου","epal-c-health-pharmacy-health-pharmacy-3","Μέρος δεύτερο -Νομοθεσία - Βιβλία φαρμακείου","heading-not-found-in-official-books",""
"Γ. Επίσημο βιβλίο υπάρχει - ενότητα μη επαληθευμένη","c","Συνταγολογία – Νομοθεσία – Βιβλία Φαρμακείου","epal-c-health-pharmacy-health-pharmacy-3","Κεφάλαιο 11ο-Κεφάλαιο-12ο-Κεφάλαιο 13ο: Η διδασκαλία των κεφαλαίων αυτών παραλείπεται δεδομένης της","heading-not-found-in-official-books",""
"Γ. Επίσημο βιβλίο υπάρχει - ενότητα μη επαληθευμένη","c","Συστήματα Αυτοκινήτου","epal-c-mech-vehicles-mech-vehicles-4","ΚΕΦΑΛΑΙΟ 6 - ΑΙΣΘΗΤΗΡΕΣ","heading-not-found-in-official-books",""
"Γ. Επίσημο βιβλίο υπάρχει - ενότητα μη επαληθευμένη","c","Σχεδιαστική Τεκμηρίωση Έργων Τέχνης","epal-c-arts-conservation-arts-conservation-6","Κεφάλαιο 4ο: Γραμμογραφία (με μελάνι)","heading-not-found-in-official-books",""
"Γ. Επίσημο βιβλίο υπάρχει - ενότητα μη επαληθευμένη","c","Σχεδιαστική Τεκμηρίωση Έργων Τέχνης","epal-c-arts-conservation-arts-conservation-6","Κεφάλαιο 6ο: Αξονομετρικό – Ορθές","heading-not-found-in-official-books",""
"Γ. Επίσημο βιβλίο υπάρχει - ενότητα μη επαληθευμένη","c","Σχεδιαστική Τεκμηρίωση Έργων Τέχνης","epal-c-arts-conservation-arts-conservation-6","Κεφάλαιο 7ο: Αισθητική μελέτη και","heading-not-found-in-official-books",""
"Γ. Επίσημο βιβλίο υπάρχει - ενότητα μη επαληθευμένη","c","Σχεδιαστική Τεκμηρίωση Έργων Τέχνης","epal-c-arts-conservation-arts-conservation-6","Κεφάλαιο 16ο: Γνωριμία με τη σειρά","heading-not-found-in-official-books",""
"Γ. Επίσημο βιβλίο υπάρχει - ενότητα μη επαληθευμένη","c","Σχέδιο Κοσμηματοποιίας","epal-c-arts-jewelry-arts-jewelry-5","Κεφάλαιο 7ο: Μοντέρνο και σύγχρονο","heading-not-found-in-official-books",""
"Γ. Επίσημο βιβλίο υπάρχει - ενότητα μη επαληθευμένη","c","Τεχνολογία Αεροπορικού Υλικού","epal-c-mech-aircraft-mech-aircraft-6","Κεφάλαιο 1 - ΚΟΙΝΑ ΥΛΙΚΑ ΑΕΡΟΣΚΑΦΩΝ","heading-not-found-in-official-books",""
"Γ. Επίσημο βιβλίο υπάρχει - ενότητα μη επαληθευμένη","c","Τεχνολογία Αεροπορικού Υλικού","epal-c-mech-aircraft-mech-aircraft-6","Κεφάλαιο 2 – ΜΕΤΑΛΛΑ ΔΟΜΗΣ – ΕΠΕΞΕΡΓΑΣΙΑ ΜΕΤΑΛΛΩΝ","heading-not-found-in-official-books",""
"Γ. Επίσημο βιβλίο υπάρχει - ενότητα μη επαληθευμένη","c","Τεχνολογία Ξύλου – Μετρήσεις","epal-c-arts-wood-arts-wood-5","Κεφάλαιο 1ο: Εισαγωγή. Το Ξύλο ως βασική","heading-not-found-in-official-books",""
"Γ. Επίσημο βιβλίο υπάρχει - ενότητα μη επαληθευμένη","c","Τεχνολογία Ξύλου – Μετρήσεις","epal-c-arts-wood-arts-wood-5","Κεφάλαιο 5ο: Εμπορία - Ονοματολογία και","heading-not-found-in-official-books",""
"Γ. Επίσημο βιβλίο υπάρχει - ενότητα μη επαληθευμένη","c","Τεχνολογία Ξύλου – Μετρήσεις","epal-c-arts-wood-arts-wood-5","Κεφάλαιο 8ο: Ξήρανση ξυλείας. Φυσική -","heading-not-found-in-official-books",""
"Γ. Επίσημο βιβλίο υπάρχει - ενότητα μη επαληθευμένη","c","Τεχνολογία Ξύλου – Μετρήσεις","epal-c-arts-wood-arts-wood-5","Κεφάλαιο 14ο: Υπολογισμός υλικών","heading-not-found-in-official-books",""
"Γ. Επίσημο βιβλίο υπάρχει - ενότητα μη επαληθευμένη","c","Τεχνολογία Ξύλου – Μετρήσεις","epal-c-arts-wood-arts-wood-5","Κεφάλαιο 15ο: Δαπάνες εργασίας","heading-not-found-in-official-books",""
"Γ. Επίσημο βιβλίο υπάρχει - ενότητα μη επαληθευμένη","c","Τεχνολογία Ξύλου – Μετρήσεις","epal-c-arts-wood-arts-wood-5","Κεφάλαιο 17ο: Κοστολόγηση της παραγωγής","heading-not-found-in-official-books",""
"Γ. Επίσημο βιβλίο υπάρχει - ενότητα μη επαληθευμένη","c","Τεχνολογία Υλικών","epal-c-arts-conservation-arts-conservation-2","Κεφάλαιο 14 — ΒΑΦΕΣ ΜΑΛΙΩΝ","heading-not-found-in-official-books",""
"Γ. Επίσημο βιβλίο υπάρχει - ενότητα μη επαληθευμένη","c","Φαρμακευτική Τεχνολογία ΙΙ","epal-c-health-pharmacy-health-pharmacy-4","Κεφάλαιο 15ο: Διδάσκονται διεξοδικά οι ενότητες του κεφαλαίου, εκτός από την ενότητα «6. Μέθοδοι","heading-not-found-in-official-books",""
"Γ. Επίσημο βιβλίο υπάρχει - ενότητα μη επαληθευμένη","c","Φαρμακευτική Τεχνολογία ΙΙ","epal-c-health-pharmacy-health-pharmacy-4","Κεφάλαιο 21ο: Διδάσκεται διεξοδικά ολόκληρο το κεφάλαιο","heading-not-found-in-official-books",""
"Γ. Επίσημο βιβλίο υπάρχει - ενότητα μη επαληθευμένη","c","Φαρμακευτική Τεχνολογία ΙΙ","epal-c-health-pharmacy-health-pharmacy-4","Κεφάλαιο 22ο: Διδάσκεται διεξοδικά ολόκληρο το κεφάλαιο","heading-not-found-in-official-books",""
"Γ. Επίσημο βιβλίο υπάρχει - ενότητα μη επαληθευμένη","c","Φαρμακολογία-Τοξικολογία","epal-c-health-pharmacy-health-pharmacy-7","Κεφάλαιο 12ο: Αντιβιοτικά και Χημειοθεραπευτικά φάρμακα. Το κεφάλαιο διδάσκεται αναλυτικά και","heading-not-found-in-official-books",""
"Γ. Επίσημο βιβλίο υπάρχει - ενότητα μη επαληθευμένη","c","Φυσική","epal-c-physics","Κεφάλαιο 11 — Ακτινοβολίες και περιβάλλον · §11.1–11.2 · §11.6 (επιγραμματικά) · §11.7","heading-not-found-in-official-books",""
"Γ. Επίσημο βιβλίο υπάρχει - ενότητα μη επαληθευμένη","c","Χειρουργική – Τεχνική Χειρουργείου","epal-c-health-nursing-health-nursing-5","Κεφάλαιο 3 — Φλεγμονή","heading-not-found-in-official-books",""
"Γ. Επίσημο βιβλίο υπάρχει - ενότητα μη επαληθευμένη","c","Χειρουργική – Τεχνική Χειρουργείου","epal-c-health-nursing-health-nursing-5","Κεφάλαιο 4 — Χειρουργικές λοιμώξεις (όχι Τέτανος και Αεριογόνος γάγγραινα)","heading-not-found-in-official-books",""
"Γ. Επίσημο βιβλίο υπάρχει - ενότητα μη επαληθευμένη","c","Χειρουργική – Τεχνική Χειρουργείου","epal-c-health-nursing-health-nursing-5","Κεφάλαιο 5 — Κακώσεις","heading-not-found-in-official-books",""
"Γ. Επίσημο βιβλίο υπάρχει - ενότητα μη επαληθευμένη","c","Χειρουργική – Τεχνική Χειρουργείου","epal-c-health-nursing-health-nursing-5","Κεφάλαιο 7 — Καταπληξία","heading-not-found-in-official-books",""
"Γ. Επίσημο βιβλίο υπάρχει - ενότητα μη επαληθευμένη","c","Χημεία","epal-c-chemistry","Χημεία Β΄ Λυκείου, Κεφάλαιο 3 — Αλκοόλες · §3.1–3.2 (με τις ρητές εξαιρέσεις)","heading-not-found-in-official-books",""
"Γ. Επίσημο βιβλίο υπάρχει - ενότητα μη επαληθευμένη","c","Χημεία","epal-c-chemistry","Χημεία και Ζωντανοί Οργανισμοί, Κεφάλαιο 1 — Εισαγωγή στη Βιοχημεία","heading-not-found-in-official-books",""
"Γ. Επίσημο βιβλίο υπάρχει - ενότητα μη επαληθευμένη","c","Ψηφιακή Σχεδίαση","epal-c-arts-interior-arts-interior-4","Κεφάλαιο 17ο: Εντολές θέασης,","heading-not-found-in-official-books",""
"Γ. Επίσημο βιβλίο υπάρχει - ενότητα μη επαληθευμένη","c","Ψηφιακή Σχεδίαση","epal-c-arts-interior-arts-interior-4","Κεφάλαιο 18ο: Προκαταρκτικές γνώσεις","heading-not-found-in-official-books",""
"Γ. Επίσημο βιβλίο υπάρχει - ενότητα μη επαληθευμένη","c","Ψηφιακή Σχεδίαση","epal-c-arts-interior-arts-interior-4","Κεφάλαιο 19ο: Συντεταγμένες στο χώρο","heading-not-found-in-official-books",""
"Γ. Επίσημο βιβλίο υπάρχει - ενότητα μη επαληθευμένη","c","Ψηφιακή Σχεδίαση","epal-c-arts-interior-arts-interior-4","Κεφάλαιο 20ο: Αλλαγή συστήματος","heading-not-found-in-official-books",""
"Γ. Επίσημο βιβλίο υπάρχει - ενότητα μη επαληθευμένη","c","Ψηφιακή Σχεδίαση","epal-c-arts-interior-arts-interior-4","Κεφάλαιο 21ο: Αντικείμενα σε τρεις","heading-not-found-in-official-books",""
"Γ. Επίσημο βιβλίο υπάρχει - ενότητα μη επαληθευμένη","c","Ψηφιακή Σχεδίαση","epal-c-arts-interior-arts-interior-4","Κεφάλαιο 24ο: Άλλοι τρόποι","heading-not-found-in-official-books",""
"Γ. Επίσημο βιβλίο υπάρχει - ενότητα μη επαληθευμένη","c","Ψηφιακή Σχεδίαση","epal-c-arts-interior-arts-interior-4","Κεφάλαιο 28ο: Ένα απλό παράδειγμα","heading-not-found-in-official-books",""
"Γ. Επίσημο βιβλίο υπάρχει - ενότητα μη επαληθευμένη","c","Ψηφιακή Σχεδίαση","epal-c-arts-interior-arts-interior-4","Κεφάλαιο 29ο: Διαδικασίες","heading-not-found-in-official-books",""
"Γ. Επίσημο βιβλίο υπάρχει - ενότητα μη επαληθευμένη","c","Ψηφιακή Σχεδίαση","epal-c-arts-interior-arts-interior-4","Κεφάλαιο 30ο: Ειδικές εντολές","heading-not-found-in-official-books",""
"Γ. Επίσημο βιβλίο υπάρχει - ενότητα μη επαληθευμένη","c","Ψηφιακή Σχεδίαση","epal-c-arts-interior-arts-interior-4","Κεφάλαιο 32ο: Σχεδιασμός επιφανειών","heading-not-found-in-official-books",""
"Γ. Επίσημο βιβλίο υπάρχει - ενότητα μη επαληθευμένη","c","Ψηφιακή Σχεδίαση","epal-c-arts-interior-arts-interior-4","Κεφάλαιο 34ο: Προοπτική","heading-not-found-in-official-books",""
"Γ. Επίσημο βιβλίο υπάρχει - ενότητα μη επαληθευμένη","c","Ψηφιακή Σχεδίαση","epal-c-arts-interior-arts-interior-4","Κεφάλαιο 35ο: Φωτορεαλισμός σε","heading-not-found-in-official-books",""
"Γ. Επίσημο βιβλίο υπάρχει - ενότητα μη επαληθευμένη","c","SPA και Λουτροθεραπεία","epal-c-health-aesthetics-health-aesthetics-4","Κεφάλαιο 4 — Η ΧΡΗΣΗ ΤΩΝ ΒΟΤΑΝΩΝ ΣΤΗΝ ΑΡΧΑΙΟΕΛΛΗΝΙΚΗ ΑΙΣΘΗΤΙΚΗ","heading-not-found-in-official-books",""
