"subjectId","topicId","label","status","reason","candidate_heading","candidate_url","score","decision (approve / reject / other source)"
"archaia-a-lykeiou","archaia-a-lykeiou.topic-11","Παθητικός μέλλοντας και αόριστος","needs-manual-review","unnumbered-topic-no-matching-heading","","","",""
"archaia-a-lykeiou","archaia-a-lykeiou.topic-13","Μέλλοντας ρημάτων σε -ίζω","needs-manual-review","unnumbered-topic-no-matching-heading","","","",""
"archaia-a-lykeiou","archaia-a-lykeiou.topic-17","Απαρέμφατο και απρόσωπη σύνταξη","needs-manual-review","unnumbered-topic-no-matching-heading","","","",""
"archaia-a-lykeiou","archaia-a-lykeiou.topic-18","Μετοχές και συντακτικές λειτουργίες","needs-manual-review","unnumbered-topic-no-matching-heading","","","",""
"archaia-a-lykeiou","archaia-a-lykeiou.topic-19","Σύγκριση και β΄ όρος σύγκρισης","needs-manual-review","unnumbered-topic-no-matching-heading","","","",""
"archaia-a-lykeiou","archaia-a-lykeiou.topic-20","Ονοματικοί και επιρρηματικοί προσδιορισμοί","needs-manual-review","unnumbered-topic-no-matching-heading","","","",""
"archaia-a-lykeiou","archaia-a-lykeiou.topic-21","Παρατακτική και υποτακτική σύνδεση","needs-manual-review","unnumbered-topic-no-matching-heading","","","",""
"thriskeftika-a-lykeiou","thriskeftika-a-lykeiou.topic-1","Αναζήτηση νοήματος και θρησκευτική εμπειρία","needs-manual-review","pdf-only-book-no-page-anchor","","","",""
"thriskeftika-a-lykeiou","thriskeftika-a-lykeiou.topic-2","Ο Θεός στην ορθόδοξη χριστιανική παράδοση","needs-manual-review","pdf-only-book-no-page-anchor","","","",""
"thriskeftika-a-lykeiou","thriskeftika-a-lykeiou.topic-3","Πρόσωπο, ελευθερία και ευθύνη","needs-manual-review","pdf-only-book-no-page-anchor","","","",""
"thriskeftika-a-lykeiou","thriskeftika-a-lykeiou.topic-4","Προσευχή, λατρεία και εκκλησιαστική κοινότητα","needs-manual-review","pdf-only-book-no-page-anchor","","","",""
"thriskeftika-a-lykeiou","thriskeftika-a-lykeiou.topic-5","Αγάπη, συγχώρηση και ανθρώπινες σχέσεις","needs-manual-review","pdf-only-book-no-page-anchor","","","",""
"thriskeftika-a-lykeiou","thriskeftika-a-lykeiou.topic-6","Η Εκκλησία στον σύγχρονο κόσμο","needs-manual-review","pdf-only-book-no-page-anchor","","","",""
"thriskeftika-a-lykeiou","thriskeftika-a-lykeiou.topic-7","Διάλογος με άλλες χριστιανικές παραδόσεις και θρησκείες","needs-manual-review","pdf-only-book-no-page-anchor","","","",""
"thriskeftika-a-lykeiou","thriskeftika-a-lykeiou.topic-8","Θρησκεία, πολιτισμός και κοινωνία","needs-manual-review","pdf-only-book-no-page-anchor","","","",""
"ekthesi-a-lykeiou","ekthesi-a-lykeiou.official-section-11","Λογοτεχνία: φύλα και ταυτότητες","needs-manual-review","unnumbered-topic-no-matching-heading","","","",""
"ekthesi-a-lykeiou","ekthesi-a-lykeiou.official-section-12","Λογοτεχνία: παράδοση και μοντερνισμός στη νεοελληνική ποίηση","needs-manual-review","unnumbered-topic-no-equal-heading","19 Παράδοση","https://ebooks.edu.gr/ebooks/v/html/8547/2722/Thematikoi-Kykloi_A-B-G-Lykeiou_html-apli/index_20.htm","1",""
"ekthesi-a-lykeiou","ekthesi-a.development-method-confusion","Τρόποι ανάπτυξης παραγράφου","needs-manual-review","unnumbered-topic-no-equal-heading","Η' Παράγραφος","https://ebooks.edu.gr/ebooks/v/html/8547/2750/Glossikes-Askiseis_A-B-G-Lykeiou_html-apli/indexB_06.html","1",""
"ekthesi-a-lykeiou","neoelliniki-a-lykeiou.topic-1","Επικοινωνιακή περίσταση και ύφος","needs-manual-review","unnumbered-topic-no-matching-heading","","","",""
"ekthesi-a-lykeiou","neoelliniki-a-lykeiou.topic-4","Ισχυρισμός και τεκμηρίωση","needs-manual-review","unnumbered-topic-no-matching-heading","","","",""
"politiki-paideia-a-lykeiou","politiki-paideia-a-lykeiou.topic-1","Κοινωνία και κοινωνική οργάνωση","needs-manual-review","pdf-only-book-no-page-anchor","","","",""
"politiki-paideia-a-lykeiou","politiki-paideia-a-lykeiou.topic-2","Κοινωνικοποίηση και κοινωνικοί θεσμοί","needs-manual-review","pdf-only-book-no-page-anchor","","","",""
"politiki-paideia-a-lykeiou","politiki-paideia-a-lykeiou.topic-3","Κοινωνικές ομάδες, ανισότητες και στερεότυπα","needs-manual-review","pdf-only-book-no-page-anchor","","","",""
"politiki-paideia-a-lykeiou","politiki-paideia-a-lykeiou.topic-4","Το κράτος και οι λειτουργίες του","needs-manual-review","pdf-only-book-no-page-anchor","","","",""
"politiki-paideia-a-lykeiou","politiki-paideia-a-lykeiou.topic-5","Πολίτης, πολιτειότητα και δημοκρατία","needs-manual-review","pdf-only-book-no-page-anchor","","","",""
"politiki-paideia-a-lykeiou","politiki-paideia-a-lykeiou.topic-6","Σύνταγμα και διάκριση των εξουσιών","needs-manual-review","pdf-only-book-no-page-anchor","","","",""
"politiki-paideia-a-lykeiou","politiki-paideia-a-lykeiou.topic-7","Ατομικά, πολιτικά και κοινωνικά δικαιώματα","needs-manual-review","pdf-only-book-no-page-anchor","","","",""
"politiki-paideia-a-lykeiou","politiki-paideia-a-lykeiou.topic-8","Υποχρεώσεις και ενεργός συμμετοχή του πολίτη","needs-manual-review","pdf-only-book-no-page-anchor","","","",""
"politiki-paideia-a-lykeiou","politiki-paideia-a-lykeiou.topic-9","Βασικές οικονομικές ανάγκες και αγαθά","needs-manual-review","pdf-only-book-no-page-anchor","","","",""
"politiki-paideia-a-lykeiou","politiki-paideia-a-lykeiou.topic-10","Παραγωγικοί συντελεστές και παραγωγή","needs-manual-review","pdf-only-book-no-page-anchor","","","",""
"politiki-paideia-a-lykeiou","politiki-paideia-a-lykeiou.topic-11","Αγορά, τιμές και ανταγωνισμός","needs-manual-review","pdf-only-book-no-page-anchor","","","",""
"politiki-paideia-a-lykeiou","politiki-paideia-a-lykeiou.topic-12","Χρήμα, τράπεζες και οικονομικές συναλλαγές","needs-manual-review","pdf-only-book-no-page-anchor","","","",""
"politiki-paideia-a-lykeiou","politiki-paideia-a-lykeiou.topic-13","Δημόσια οικονομικά και φορολογία","needs-manual-review","pdf-only-book-no-page-anchor","","","",""
"politiki-paideia-a-lykeiou","politiki-paideia-a-lykeiou.topic-14","Ευρωπαϊκή Ένωση και παγκοσμιοποίηση","needs-manual-review","pdf-only-book-no-page-anchor","","","",""
"archaia-b-lykeiou","archaia-b-lykeiou.topic-9","Αδίδακτο πεζό κείμενο αττικής διαλέκτου","needs-manual-review","unnumbered-topic-no-equal-heading","Κείμενο: §§ 1-4","https://ebooks.edu.gr/ebooks/v/html/8547/2720/Ritorika-Keimena_B-Lykeiou-AnthrSp_html-empl/index1a_02.html","1",""
"archaia-b-lykeiou","archaia-b-lykeiou.topic-10","Λεξιλόγιο και ετυμολογικές σχέσεις","needs-manual-review","unnumbered-topic-no-matching-heading","","","",""
"archaia-b-lykeiou","archaia-b-lykeiou.topic-11","Μορφολογία ουσιαστικών, επιθέτων και αντωνυμιών","needs-manual-review","unnumbered-topic-no-matching-heading","","","",""
"archaia-b-lykeiou","archaia-b-lykeiou.topic-12","Ρηματικοί χρόνοι και εγκλίσεις","needs-manual-review","unnumbered-topic-no-matching-heading","","","",""
"archaia-b-lykeiou","archaia-b-lykeiou.topic-13","Απαρέμφατο και μετοχή","needs-manual-review","unnumbered-topic-no-matching-heading","","","",""
"archaia-b-lykeiou","archaia-b-lykeiou.topic-14","Συντακτικές λειτουργίες όρων της πρότασης","needs-manual-review","unnumbered-topic-no-matching-heading","","","",""
"archaia-b-lykeiou","archaia-b-lykeiou.topic-15","Δευτερεύουσες προτάσεις","needs-manual-review","unnumbered-topic-no-matching-heading","","","",""
"archaia-b-lykeiou","archaia-b-lykeiou.topic-16","Υποθετικός λόγος και σύνθετα συντακτικά φαινόμενα","needs-manual-review","unnumbered-topic-no-matching-heading","","","",""
"thriskeftika-b-lykeiou","thriskeftika-b-lykeiou.topic-1","Θρησκεία και αναζήτηση του ιερού","needs-manual-review","pdf-only-book-no-page-anchor","","","",""
"thriskeftika-b-lykeiou","thriskeftika-b-lykeiou.topic-2","Χριστιανισμός: πίστη, κοινότητα και παράδοση","needs-manual-review","pdf-only-book-no-page-anchor","","","",""
"thriskeftika-b-lykeiou","thriskeftika-b-lykeiou.topic-3","Ορθόδοξη θεολογία και ανθρώπινο πρόσωπο","needs-manual-review","pdf-only-book-no-page-anchor","","","",""
"thriskeftika-b-lykeiou","thriskeftika-b-lykeiou.topic-4","Θρησκευτικές εκφράσεις στον πολιτισμό","needs-manual-review","pdf-only-book-no-page-anchor","","","",""
"thriskeftika-b-lykeiou","thriskeftika-b-lykeiou.topic-5","Ιουδαϊσμός","needs-manual-review","pdf-only-book-no-page-anchor","","","",""
"thriskeftika-b-lykeiou","thriskeftika-b-lykeiou.topic-6","Ισλάμ","needs-manual-review","pdf-only-book-no-page-anchor","","","",""
"thriskeftika-b-lykeiou","thriskeftika-b-lykeiou.topic-7","Ινδουισμός και βουδισμός","needs-manual-review","pdf-only-book-no-page-anchor","","","",""
"thriskeftika-b-lykeiou","thriskeftika-b-lykeiou.topic-8","Θρησκευτικός πλουραλισμός και διάλογος","needs-manual-review","pdf-only-book-no-page-anchor","","","",""
"thriskeftika-b-lykeiou","thriskeftika-b-lykeiou.topic-9","Θρησκεία, ειρήνη, βία και ανθρώπινα δικαιώματα","needs-manual-review","pdf-only-book-no-page-anchor","","","",""
"ekthesi-b-lykeiou","ekthesi-b-lykeiou.mapped-topic-8","Λογοτεχνική ερμηνεία με κειμενικούς δείκτες","needs-manual-review","unnumbered-topic-no-matching-heading","","","",""
"ekthesi-b-lykeiou","ekthesi.unsupported-argument","Τεκμηρίωση επιχειρήματος","needs-manual-review","unnumbered-topic-no-matching-heading","","","",""
"ekthesi-b-lykeiou","ekthesi-b.persuasion-modes-confusion","Τρόποι πειθούς","needs-manual-review","unnumbered-topic-no-matching-heading","","","",""
"ekthesi-b-lykeiou","ekthesi-b.thesis-antithesis-missing","Αντίκρουση αντίθετης άποψης","needs-manual-review","unnumbered-topic-no-matching-heading","","","",""
"ekthesi-b-lykeiou","ekthesi-b.essay-structure-imbalance","Ισορροπία δοκιμίου","needs-manual-review","unnumbered-topic-no-equal-heading","ΔΟΚΙΜΙΟ","https://ebooks.edu.gr/ebooks/v/html/8547/2702/Keimena-Neoellinikis-Logotechnias_B-Lykeiou_html-empl/index_e.html","1",""
"ekthesi-b-lykeiou","ekthesi-b.evidence-generic","Συγκεκριμένα τεκμήρια","needs-manual-review","unnumbered-topic-no-matching-heading","","","",""
"ekthesi-b-lykeiou","ekthesi.text-type-ignore","Κειμενικά είδη","needs-manual-review","unnumbered-topic-no-equal-heading","Η ΕΙΔΗΣΗ","https://ebooks.edu.gr/ebooks/v/html/8547/2676/Ekfrasi-Ekthesi_B-Lykeiou_html-empl/indexb_00.htm","1",""
"ekthesi-b-lykeiou","ekthesi.register-confusion","Επίσημο ύφος","needs-manual-review","unnumbered-topic-no-matching-heading","","","",""
"ekthesi-b-lykeiou","ekthesi.intro-conclusion-function","Δομή κειμένου","needs-manual-review","unnumbered-topic-no-matching-heading","","","",""
"ekthesi-b-lykeiou","neoelliniki-b-lykeiou.topic-1","Δομή επιχειρηματολογικού κειμένου","needs-manual-review","unnumbered-topic-no-matching-heading","","","",""
"ekthesi-b-lykeiou","neoelliniki-b-lykeiou.topic-2","Εγκυρότητα επιχειρήματος και τεκμήριο","needs-manual-review","unnumbered-topic-no-matching-heading","","","",""
"ekthesi-b-lykeiou","neoelliniki-b-lykeiou.topic-3","Δείκτες συνοχής και λογικές σχέσεις","needs-manual-review","unnumbered-topic-no-matching-heading","","","",""
"ekthesi-b-lykeiou","neoelliniki-b-lykeiou.topic-4","Παράφραση και ενσωμάτωση πηγής","needs-manual-review","unnumbered-topic-no-matching-heading","","","",""
"ekthesi-b-lykeiou","neoelliniki-b-lykeiou.topic-5","Τροπικότητα και στάση συντάκτη","needs-manual-review","unnumbered-topic-no-matching-heading","","","",""
"english-g-lykeiou","efl-c-lyk.mixed-conditionals","Μεικτοί υποθετικοί λόγοι","no-safe-mapping","no-official-book-or-unit-list-for-this-subject","","","",""
"english-g-lykeiou","efl-c-lyk.inversion-emphasis","Αντεστραμμένη σύνταξη","no-safe-mapping","no-official-book-or-unit-list-for-this-subject","","","",""
"english-g-lykeiou","efl-c-lyk.academic-collocations","Ακαδημαϊκές συνάψεις","no-safe-mapping","no-official-book-or-unit-list-for-this-subject","","","",""
"english-g-lykeiou","efl-c-lyk.passive-voice-formal","Παθητική φωνή σε επίσημο ύφος","no-safe-mapping","no-official-book-or-unit-list-for-this-subject","","","",""
"english-g-lykeiou","efl-c-lyk.phrasal-vs-formal-verb","Phrasal vs επίσημο ρήμα","no-safe-mapping","no-official-book-or-unit-list-for-this-subject","","","",""
"archaia-g-lykeiou","archaia-g-lykeiou.topic-11","Διδαγμένο κείμενο: κατανόηση και ερμηνεία","needs-manual-review","unnumbered-topic-no-matching-heading","","","",""
"archaia-g-lykeiou","archaia-g-lykeiou.topic-12","Παράλληλο κείμενο και διακειμενικές σχέσεις","needs-manual-review","unnumbered-topic-no-matching-heading","","","",""
"archaia-g-lykeiou","archaia-g-lykeiou.topic-13","Αδίδακτο κείμενο: μετάφραση","needs-manual-review","unnumbered-topic-no-matching-heading","","","",""
"archaia-g-lykeiou","archaia-g-lykeiou.topic-14","Αδίδακτο: γραμματική","needs-manual-review","unnumbered-topic-no-matching-heading","","","",""
"archaia-g-lykeiou","archaia-g-lykeiou.topic-15","Αδίδακτο: συντακτικό","needs-manual-review","unnumbered-topic-no-matching-heading","","","",""
"archaia-g-lykeiou","archaia-g-lykeiou.topic-16","Λεξιλογικές και ετυμολογικές σχέσεις","needs-manual-review","unnumbered-topic-no-matching-heading","","","",""
"thriskeftika-g-lykeiou","thriskeftika-g-lykeiou.topic-1","Πίστη, γνώση και επιστήμη","needs-manual-review","pdf-only-book-no-page-anchor","","","",""
"thriskeftika-g-lykeiou","thriskeftika-g-lykeiou.topic-2","Θρησκεία και σύγχρονος άνθρωπος","needs-manual-review","pdf-only-book-no-page-anchor","","","",""
"thriskeftika-g-lykeiou","thriskeftika-g-lykeiou.topic-3","Βιοηθικά ζητήματα","needs-manual-review","pdf-only-book-no-page-anchor","","","",""
"thriskeftika-g-lykeiou","thriskeftika-g-lykeiou.topic-4","Τεχνολογία και ανθρώπινη ευθύνη","needs-manual-review","pdf-only-book-no-page-anchor","","","",""
"thriskeftika-g-lykeiou","thriskeftika-g-lykeiou.topic-5","Κοινωνική δικαιοσύνη και αλληλεγγύη","needs-manual-review","pdf-only-book-no-page-anchor","","","",""
"thriskeftika-g-lykeiou","thriskeftika-g-lykeiou.topic-6","Ειρήνη, βία και θρησκεία","needs-manual-review","pdf-only-book-no-page-anchor","","","",""
"thriskeftika-g-lykeiou","thriskeftika-g-lykeiou.topic-7","Οικολογία και ευθύνη για τη δημιουργία","needs-manual-review","pdf-only-book-no-page-anchor","","","",""
"thriskeftika-g-lykeiou","thriskeftika-g-lykeiou.topic-8","Θρησκευτικός πλουραλισμός και διαθρησκειακός διάλογος","needs-manual-review","pdf-only-book-no-page-anchor","","","",""
"thriskeftika-g-lykeiou","thriskeftika-g-lykeiou.topic-9","Ορθόδοξη μαρτυρία στον σύγχρονο κόσμο","needs-manual-review","pdf-only-book-no-page-anchor","","","",""
"oikonomia-g-lykeiou","oikonomia-g-lykeiou.topic-7","Εισόδημα και σταυροειδής ελαστικότητα","needs-manual-review","unnumbered-topic-no-matching-heading","","","",""
"oikonomia-g-lykeiou","oikonomia-g-lykeiou.topic-20","Διεθνές εμπόριο και οικονομικές σχέσεις","needs-manual-review","unnumbered-topic-no-matching-heading","","","",""
